年月日,降水量の合計(mm),最高気温(℃),最低気温(℃),平均気温(℃)
2009/1/1,0,7.4,2.8,4.9
2009/1/2,0,9.8,2.1,5.5
2009/1/3,0,12.1,1.1,5.6
2009/1/4,0,12.7,1.9,6.9
2009/1/5,0,13.2,5.8,9
2009/1/6,0,12.2,3.3,6.9
2009/1/7,0,10.2,3.9,7.2
2009/1/8,0,11.7,2.6,7.1
2009/1/9,2.5,10.2,4.4,6.9
2009/1/10,0,7,2.2,4.5
2009/1/11,0.5,6.8,2.8,4.5
2009/1/12,0,7.3,1.6,4.6
2009/1/13,0,7,1.7,3.7
2009/1/14,0,7.4,1.5,4.3
2009/1/15,0,7.6,-0.1,3
2009/1/16,0,8.5,0,4.7
2009/1/17,0,10.6,2.7,6.3
2009/1/18,14.5,13.5,3.3,9
2009/1/19,0,12.3,5.5,9.5
2009/1/20,0,11.8,3.1,6.9
2009/1/21,8,8.8,4.1,6.2
2009/1/22,14.5,8,5,6.8
2009/1/23,0,10.4,3,7.1
2009/1/24,0,4.3,0.3,1.7
2009/1/25,1.5,5.6,0.7,2.6
2009/1/26,1.5,6,2.6,4.2
2009/1/27,0,10.2,1.4,5.2
2009/1/28,0,13.8,1.1,6.8
2009/1/29,15.5,13.6,3.5,8.6
2009/1/30,1,13.5,9.4,11
2009/1/31,5.5,11.8,6.3,9.2
2009/2/1,0,10.9,2.3,6.4
2009/2/2,0,11.7,1.1,5.9
2009/2/3,19,8.1,4.2,6.3
2009/2/4,0,14,3.6,8.1
2009/2/5,0,14.3,2.6,8
2009/2/6,0,12.6,3.4,8
2009/2/7,0,13.5,1.5,7.3
2009/2/8,0,14.5,4.8,8.9
2009/2/9,2,13.3,2.5,6.8
2009/2/10,0,13.7,5,8.9
2009/2/11,0,13,6.7,9.7
2009/2/12,0,16.3,5.9,10.5
2009/2/13,0,21.5,9.2,16.9
2009/2/14,3,21,10.8,15.6
2009/2/15,0,17.3,7.9,12.1
2009/2/16,2,11.6,2.6,7.9
2009/2/17,0,7.9,1.6,3.7
2009/2/18,0,9.9,1,5.1
2009/2/19,15,9.9,1.9,5.5
2009/2/20,5,10.7,5.9,7.7
2009/2/21,0,9.7,1,5.3
2009/2/22,22,9.9,2.2,6.6
2009/2/23,3,15.2,8.1,10.6
2009/2/24,2.5,14,7.9,10.1
2009/2/25,13,15.4,9,11.3
2009/2/26,1,13.7,6,10.1
2009/2/27,19.5,9.4,7.2,7.8
2009/2/28,0,11.2,4.3,8.1
2009/3/1,0,15.2,5.1,9.7
2009/3/2,0,12.8,2.3,7.4
2009/3/3,15.5,7.1,4,5.5
2009/3/4,0,11.5,5.3,7.8
2009/3/5,0.5,13.7,3,8.7
2009/3/6,16.5,13.6,5.9,10
2009/3/7,0,13.2,4.9,8.4
2009/3/8,0,12.9,6.1,9.1
2009/3/9,2.5,11.1,5.6,8.3
2009/3/10,0,16,4.4,9.9
2009/3/11,0,13.2,4.6,8.7
2009/3/12,0,14.6,2.4,9.1
2009/3/13,30.5,17.2,9,13.4
2009/3/14,9.5,11.2,2.1,6.9
2009/3/15,0,11.6,1.6,6.7
2009/3/16,0,16.7,4.1,10.7
2009/3/17,0,20,7.5,13.7
2009/3/18,0,20.9,8.7,15.2
2009/3/19,0,22.9,11.6,16.9
2009/3/20,0,19.6,8.3,14.7
2009/3/21,0,18.2,5.1,12.3
2009/3/22,13.5,20.9,11.6,15.7
2009/3/23,0,17,10.1,12.8
2009/3/24,0,16.2,6.3,11.1
2009/3/25,0,13.5,3.8,9
2009/3/26,0,12.3,1.7,7.4
2009/3/27,0,14.3,6,10.8
2009/3/28,0,11,3.6,7.6
2009/3/29,0,14.4,5,9.3
2009/3/30,0,15,4.6,9.4
2009/3/31,0,16.1,5.7,9.9
2009/4/1,0.5,13,6.5,8.9
2009/4/2,0,15.2,4.2,9.5
2009/4/3,0,15.5,4.7,10.7
2009/4/4,12.5,13.7,11.2,12.2
2009/4/5,0,17.8,9.1,12.3
2009/4/6,0,19.3,7.1,13.1
2009/4/7,0,19.9,7.2,13.7
2009/4/8,0,22.5,10.3,16
2009/4/9,0,22.7,9.9,16.2
2009/4/10,0,23.8,10.1,17
2009/4/11,0,24,11.6,17.8
2009/4/12,0,24.1,12.6,18.3
2009/4/13,0,24.6,13.4,19.1
2009/4/14,8,18.8,12.5,15.8
2009/4/15,0,19.8,12.6,15.9
2009/4/16,0,21.6,13.1,16.8
2009/4/17,0,22.3,13.4,16.9
2009/4/18,0,23.8,11.4,17.5
2009/4/19,0,25.4,11.8,19
2009/4/20,6.5,24.2,15.8,19.9
2009/4/21,0,23.7,15.2,19.2
2009/4/22,0,20,13.3,16.3
2009/4/23,0,22.4,11.4,16.3
2009/4/24,0,20.4,10.7,15.8
2009/4/25,27,16.9,13,14.5
2009/4/26,0,16.1,8.7,12.2
2009/4/27,0,17.3,6.1,11.8
2009/4/28,0,18.6,7.2,12.9
2009/4/29,0,20.5,8,14.4
2009/4/30,0,22.6,10.1,16.6
2009/5/1,0,22.8,12.5,17.6
2009/5/2,0,22.3,13,17.7
2009/5/3,0,21.2,13.9,17.6
2009/5/4,0,20.9,14.9,17.4
2009/5/5,1,25.3,14.6,18.7
2009/5/6,1,25.1,14.9,19
2009/5/7,0,23.3,12.5,17.1
2009/5/8,0,24.2,15.3,19.5
2009/5/9,0,27.6,14.4,20.9
2009/5/10,0,28.9,16,22.1
2009/5/11,0,28.3,15.5,21.9
2009/5/12,0,27.9,16.5,22.4
2009/5/13,7.5,27.2,17.5,21.4
2009/5/14,0,23.9,13.7,19.4
2009/5/15,0,23.8,12,17.7
2009/5/16,0,22.1,16.5,19.3
2009/5/17,12.5,25.6,17.2,20.9
2009/5/18,0,22.7,15.3,18.5
2009/5/19,0,24.6,13.8,18.9
2009/5/20,0,27.5,13.5,21.2
2009/5/21,12.5,30.9,17.3,22.8
2009/5/22,1,22.9,16.6,19.9
2009/5/23,0,25.4,15.1,20.4
2009/5/24,0.5,22.6,16.7,19.7
2009/5/25,0,25.8,16.7,20
2009/5/26,0,25.2,15,20.3
2009/5/27,0.5,22.4,17.1,19
2009/5/28,0.5,21.9,17.4,20
2009/5/29,0,26.6,17,21.9
2009/5/30,0,24.4,18.5,21
2009/5/31,0,22,16.1,18.9
2009/6/1,0,26.9,13.9,20.2
2009/6/2,0,29.4,16.2,23.3
2009/6/3,2.5,23.8,16.5,19.9
2009/6/4,0,25.3,17.1,20.8
2009/6/5,0,26.8,19.7,21.9
2009/6/6,0,26.3,19.1,22
2009/6/7,0,28.7,18.2,22.2
2009/6/8,0,27,17.6,21.8
2009/6/9,0,25.3,18.8,21.7
2009/6/10,23.5,22.7,19.4,20.9
2009/6/11,0,25.7,18.3,21.7
2009/6/12,0,28.8,16.7,22.5
2009/6/13,0,28.1,19.7,23.9
2009/6/14,0,28.3,20.8,24.1
2009/6/15,0,27.7,19.3,22.9
2009/6/16,0,29,18.3,23.3
2009/6/17,0,30.5,18.4,24.4
2009/6/18,0,30.4,21.1,24.6
2009/6/19,0,30.1,19.8,24.4
2009/6/20,0,32.6,21.7,25.8
2009/6/21,0.5,27.9,22.8,25
2009/6/22,9,35.1,22.8,28.5
2009/6/23,23,28.9,19.9,23.6
2009/6/24,9.5,26.7,19.8,22.8
2009/6/25,0,28.9,20.4,24.7
2009/6/26,0,29.4,19.7,24.6
2009/6/27,0,29.1,20.2,24.3
2009/6/28,2,30.7,20.7,25.2
2009/6/29,47,29.8,23.1,26.1
2009/6/30,51.5,27.8,23.4,24.7
2009/7/1,60.5,33.1,21.6,25.2
2009/7/2,3.5,25.1,20.9,22.5
2009/7/3,0.5,28.2,20.7,23.3
2009/7/4,0,28.4,18.8,23.7
2009/7/5,2.5,26.8,21.2,23.4
2009/7/6,0,31.2,22.4,26.5
2009/7/7,0,31.5,22.2,27.6
2009/7/8,5.5,28.6,24.5,26.4
2009/7/9,0,34,25.7,29.9
2009/7/10,33.5,32.1,23,26.9
2009/7/11,9.5,28.3,23,25.2
2009/7/12,0,32.3,23.6,28.4
2009/7/13,0,34,26.2,29.6
2009/7/14,0,34.9,25.9,29.6
2009/7/15,0.5,34,22.9,27.3
2009/7/16,0,30.7,23.4,27
2009/7/17,14.5,28.5,24.9,26.6
2009/7/18,0,33.7,24.8,29
2009/7/19,0,33.8,26.7,30
2009/7/20,6,29.2,25.1,27.3
2009/7/21,118.5,27.1,24.1,25.5
2009/7/22,1,28.3,23.2,25.7
2009/7/23,0,30.4,21.5,26.1
2009/7/24,0.5,29.5,23.5,26.7
2009/7/25,19,30.4,22.8,26.4
2009/7/26,45.5,28.1,23.5,25.3
2009/7/27,7.5,29.8,23.3,25.6
2009/7/28,1,30.5,23.6,26.2
2009/7/29,0,31.1,24.1,27.3
2009/7/30,0,31.2,23.7,26.7
2009/7/31,0,32,23.7,27.2
2009/8/1,63,28.5,22.7,25.3
2009/8/2,0,31.5,22.9,26.9
2009/8/3,1,33,23.8,27.8
2009/8/4,0,32.2,24.6,28.2
2009/8/5,0,32.9,25.1,28.7
2009/8/6,5,34.2,25.5,29.1
2009/8/7,2,33.7,25.8,29.2
2009/8/8,3,34.7,25.9,29.2
2009/8/9,52,27.5,24.8,25.7
2009/8/10,6,31.3,25,27.5
2009/8/11,0,33.1,25.7,29
2009/8/12,0,34.3,26.2,30.2
2009/8/13,3.5,30.9,25.5,28.4
2009/8/14,0,32,25.2,27.6
2009/8/15,1,28.6,23.1,25.5
2009/8/16,0,31,24.3,27.4
2009/8/17,0,32.3,24.1,27.5
2009/8/18,0,32.5,22.6,27.3
2009/8/19,0,32.5,23,27.7
2009/8/20,0,32.3,23.8,27.8
2009/8/21,0,34,26.1,29.7
2009/8/22,0.5,31.5,25.4,27.9
2009/8/23,0,31.7,23.2,26.6
2009/8/24,0,32.7,20.5,26.5
2009/8/25,0,30.4,19.4,24.1
2009/8/26,0,30.7,19.1,24.9
2009/8/27,0,31.8,21.4,27
2009/8/28,0,33.2,25.2,28.5
2009/8/29,2,32.3,24.3,27.9
2009/8/30,0,32,25,27.6
2009/8/31,0,31.9,23.5,27
2009/9/1,0,32.7,20.9,26.6
2009/9/2,0,32.1,21.9,26.6
2009/9/3,0,31,23.8,26.7
2009/9/4,0.5,31.2,24.2,26.7
2009/9/5,0,32.4,22.7,26.8
2009/9/6,0,32.2,22.6,26.9
2009/9/7,0,32,22.4,26.4
2009/9/8,0,30.8,21.9,25.9
2009/9/9,0,29.3,19.3,24.4
2009/9/10,0,30.1,17.4,23.3
2009/9/11,0,29.6,19.3,24.2
2009/9/12,19.5,24.5,19.1,21.4
2009/9/13,0,27.8,19,22.8
2009/9/14,0,28,18.1,23
2009/9/15,0,24.8,17.7,22
2009/9/16,0,29.6,16,22.3
2009/9/17,0,28.1,16.5,22.4
2009/9/18,0,27.4,17.5,21.9
2009/9/19,0,29.2,18.3,23.6
2009/9/20,0,29.8,17.1,23.1
2009/9/21,0,28.7,17.7,23.5
2009/9/22,0,26.2,21.6,23.5
2009/9/23,0,28.3,20.8,23.5
2009/9/24,0,31.3,19.7,24.8
2009/9/25,0,30,19.8,24.7
2009/9/26,0,31.3,20.6,25.1
2009/9/27,2.5,29.6,22,24.2
2009/9/28,0.5,30.2,20.6,24.7
2009/9/29,0,28,23.2,25
2009/9/30,59,23.7,20.8,22
2009/10/1,0,29.4,20.4,24.2
2009/10/2,18,27.4,22.1,23.8
2009/10/3,0,27,17.3,22.2
2009/10/4,0,26,16.6,20.7
2009/10/5,0,24.9,16.6,20.6
2009/10/6,1.5,22,18.3,20
2009/10/7,27.5,20.3,17.8,18.8
2009/10/8,4,23.9,16.8,19.8
2009/10/9,0,22.3,14.1,17.7
2009/10/10,0,22.8,12.8,17.5
2009/10/11,0,24.1,11.9,17.2
2009/10/12,0,23.2,12.3,17.5
2009/10/13,0,24.1,14.8,19
2009/10/14,4,23.4,13.1,17.3
2009/10/15,0,22.5,11.6,16.6
2009/10/16,0,23.3,13.2,18.1
2009/10/17,0,26.2,16.6,20.9
2009/10/18,0,22.8,14.1,19.2
2009/10/19,0,25.2,14.4,20.7
2009/10/20,0,21.9,12.9,18
2009/10/21,0,22,10.8,16.2
2009/10/22,0,23.1,11.6,17.3
2009/10/23,0,23.9,12,18
2009/10/24,0,21.9,15.5,18.1
2009/10/25,7,20.7,14.1,17.3
2009/10/26,7,19.5,15.3,17.1
2009/10/27,0,21.8,11.3,16
2009/10/28,0,23.2,11.6,16.7
2009/10/29,0,23.5,11.9,17.1
2009/10/30,0,23.7,12.5,17.8
2009/10/31,0,25.2,13,18.8
2009/11/1,28.5,23.3,13.3,18.8
2009/11/2,1,18.4,8.5,13.6
2009/11/3,0,15.3,6,10
2009/11/4,0,18.6,6.9,12.6
2009/11/5,0,20.9,11.5,15.5
2009/11/6,0,23,11.4,16.7
2009/11/7,0,24,13.7,18.8
2009/11/8,0,24.2,14.7,19.2
2009/11/9,0,23.8,16.5,19.6
2009/11/10,18.5,20.6,15.6,17.7
2009/11/11,29,19,15.2,17.4
2009/11/12,0,18.7,13.9,15.7
2009/11/13,24,21.4,13.5,16.5
2009/11/14,3,21.1,14.9,17.3
2009/11/15,0,15.7,11.7,13.7
2009/11/16,1.5,13.2,9.6,11.7
2009/11/17,17,10,7.1,8.4
2009/11/18,0,13.6,5.6,9.5
2009/11/19,0,14.6,7,10.3
2009/11/20,0,14,4.3,9.3
2009/11/21,0,14,6,9.9
2009/11/22,4.5,10.7,5.8,8.4
2009/11/23,0,16.5,6.4,10.4
2009/11/24,3,12.5,5.5,9.6
2009/11/25,0.5,18.7,11.2,13.9
2009/11/26,0,19,8.3,12.7
2009/11/27,0,20.4,8.5,14.1
2009/11/28,0,19.3,10.9,14.4
2009/11/29,0.5,14.7,8,10.8
2009/11/30,0,16,7,11.1
2009/12/1,0,17.4,6.4,11.3
2009/12/2,0,18.4,6.5,11.8
2009/12/3,5,16.3,8,11.8
2009/12/4,0,16,5.5,10
2009/12/5,0.5,18.6,7.6,12.2
2009/12/6,0,10.6,6.7,8.7
2009/12/7,0,12.4,2.4,6.9
2009/12/8,0,14.4,2.8,8
2009/12/9,0,13.8,4.8,9.1
2009/12/10,2.5,13.4,7,10.7
2009/12/11,12,16.5,11.3,13.6
2009/12/12,2.5,17,11.2,13.6
2009/12/13,0,14.5,9.4,11.7
2009/12/14,0,15.3,6.7,10.4
2009/12/15,0,11.3,4.4,8
2009/12/16,3,9.6,4.9,6.7
2009/12/17,0,8.5,3.7,5.5
2009/12/18,0,7.5,2.9,4.7
2009/12/19,0,7.1,2.4,4.6
2009/12/20,0,9.2,4.5,6.4
2009/12/21,0,8.8,2.5,5.7
2009/12/22,0,10.9,1.3,5.9
2009/12/23,0,15.1,4.4,9.5
2009/12/24,0,13.8,5.6,8.8
2009/12/25,2.5,13.2,3.4,8.4
2009/12/26,0,11.4,4.3,8.8
2009/12/27,0,12.5,1.1,6.4
2009/12/28,2,9.1,2.6,6.5
2009/12/29,0,9.8,2.2,5.1
2009/12/30,1.5,14.8,3.4,8.2
2009/12/31,0,7.2,1.3,3.3
2010/1/1,0,6,0,2.4
2010/1/2,0,10.5,0.1,5.9
2010/1/3,0,10.9,1.1,7.3
2010/1/4,2,13.7,-0.8,6.6
2010/1/5,0,9.7,3.8,5.8
2010/1/6,0,6.2,2.9,3.8
2010/1/7,0,5.8,2.3,3.9
2010/1/8,0,8.2,-0.1,4.6
2010/1/9,0,10.6,2.1,6.1
2010/1/10,0,9.9,4.8,7.4
2010/1/11,0,11.1,4.7,8.1
2010/1/12,0,9.4,2.5,7
2010/1/13,0,4.1,-1.2,1.6
2010/1/14,0,5.1,0.3,2
2010/1/15,0,7.9,1.3,4.6
2010/1/16,0,9.4,0.9,4.8
2010/1/17,0,10.6,1.6,5.4
2010/1/18,0,12.1,1.1,6.2
2010/1/19,0,13.3,2,7.2
2010/1/20,6.5,19.3,6,12.4
2010/1/21,2.5,15.2,6.6,12
2010/1/22,0,10.4,3.6,7
2010/1/23,0,7.3,1.8,5
2010/1/24,0,10.1,0.2,4.8
2010/1/25,0,10,2.7,6.4
2010/1/26,0,10.6,0.8,5.3
2010/1/27,0,15,0.3,7.9
2010/1/28,15,14.9,5.7,11.3
2010/1/29,0,11.6,3.3,7.3
2010/1/30,1.5,11.5,3.4,7.7
2010/1/31,14,8.5,5.9,7.4
2010/2/1,24,8.4,4.5,6.1
2010/2/2,0,10.5,4.1,6.8
2010/2/3,0,7.9,0.7,4.2
2010/2/4,0,7,-0.3,3
2010/2/5,0,8.2,0.3,4.3
2010/2/6,0,7.7,0.5,4.7
2010/2/7,0,10.6,-1.8,4
2010/2/8,0,15.8,4.2,9.9
2010/2/9,0,19.7,10.3,14.1
2010/2/10,20.5,19.2,11.7,14.9
2010/2/11,11.5,13.4,6.8,10
2010/2/12,0,10.8,4.4,7
2010/2/13,0,11,1.1,6.4
2010/2/14,1,10.4,3.1,7.3
2010/2/15,6,8.2,5.8,6.9
2010/2/16,0,9.8,3,6.4
2010/2/17,0,9.3,2.4,4.8
2010/2/18,0,8.7,1.8,4.8
2010/2/19,0,8.1,1.8,4.7
2010/2/20,0,10.5,1.1,5.1
2010/2/21,0,12.6,0.7,6.2
2010/2/22,0,16.5,3.3,9.9
2010/2/23,0,19.1,8.3,13
2010/2/24,0,20.1,7.2,13.5
2010/2/25,0,22.6,11.5,17.1
2010/2/26,25.5,21,14.1,16
2010/2/27,10.5,16.9,10.8,13.4
2010/2/28,7,16,8.9,11.5
2010/3/1,14,16.6,7.3,11.5
2010/3/2,0,14.2,11,12.1
2010/3/3,0,14.7,7.7,11.2
2010/3/4,4,18.1,8.3,11.3
2010/3/5,3,17.6,11.2,14.5
2010/3/6,22.5,14.9,10.2,12.5
2010/3/7,12,10.3,7.5,8.9
2010/3/8,0,12.1,6.8,8.3
2010/3/9,30,7.6,2.9,5
2010/3/10,13,4.8,2,3.5
2010/3/11,0,10.5,0.6,5.2
2010/3/12,0,18,2.8,10.8
2010/3/13,2.5,16.4,9.3,13.7
2010/3/14,0,16.5,7,11.5
2010/3/15,16,19,10.4,13.8
2010/3/16,0,15.2,7,11.3
2010/3/17,0,11.7,2.9,7.4
2010/3/18,0,12,3.9,8.1
2010/3/19,0,15.6,3.7,9.1
2010/3/20,15,27.5,7.7,17.5
2010/3/21,0,15.7,4.5,11.1
2010/3/22,0,15.3,3.5,9.7
2010/3/23,24,11.8,9.3,10.2
2010/3/24,22,10.1,7.6,8.8
2010/3/25,20.5,9.5,5.6,7.7
2010/3/26,0,10.9,1.1,6.7
2010/3/27,0,11.9,-0.1,6.4
2010/3/28,0,13.8,6.6,10
2010/3/29,0,11.9,3.7,8.1
2010/3/30,0,12.8,0.5,7.2
2010/3/31,0,16.6,7.3,12
2010/4/1,6,21.9,10.9,16.8
2010/4/2,15.5,19.8,7.6,12.7
2010/4/3,0,15.6,4.1,9.9
2010/4/4,0,18.6,6.3,12.4
2010/4/5,0,21.2,12,15.6
2010/4/6,0,22.5,11.3,17.3
2010/4/7,0,17,6.2,11.6
2010/4/8,0,16.6,3.2,10.3
2010/4/9,9,13.5,8.9,11.5
2010/4/10,0,22.1,10.6,16.2
2010/4/11,3,22.9,15.1,17.4
2010/4/12,47.5,16.7,14.4,15.7
2010/4/13,0.5,17.7,9.5,13.6
2010/4/14,0,14.3,7.5,10.3
2010/4/15,1,10.7,5.9,8.5
2010/4/16,5,9.5,6.4,8.3
2010/4/17,0,17,3.8,10.4
2010/4/18,0,17.8,6.3,12.6
2010/4/19,10,19.1,12.1,14.7
2010/4/20,13,19.8,12.2,15
2010/4/21,0,23.6,14,18.1
2010/4/22,63,16.1,11.1,12.5
2010/4/23,0.5,14.2,8.4,11.7
2010/4/24,0,16.9,7.4,11.6
2010/4/25,0,18.6,6.2,12.4
2010/4/26,0,20.7,9.3,15.6
2010/4/27,13,18.6,12.4,15
2010/4/28,1.5,19,8.2,14
2010/4/29,3,16.3,10.4,13.4
2010/4/30,0,17.7,9.5,14.4
2010/5/1,0,19.6,9.3,14.5
2010/5/2,0,23,8.4,16.2
2010/5/3,0,26.9,14,20.2
2010/5/4,0,26.4,16.7,21.4
2010/5/5,0,25.4,15.7,20.3
2010/5/6,3.5,26.8,17.1,21.9
2010/5/7,2,23.8,13.6,19.1
2010/5/8,0,24.3,10.8,18.2
2010/5/9,0,26.9,15.6,20.3
2010/5/10,7.5,18.6,15,17
2010/5/11,0.5,19.5,14.7,16.9
2010/5/12,0,21.2,13.3,16.3
2010/5/13,0,21.8,9.3,15.6
2010/5/14,0,21.8,9.8,15.7
2010/5/15,0,22.6,11.4,16.7
2010/5/16,0,24.2,12.1,18.6
2010/5/17,0,26.2,14.4,20.3
2010/5/18,1,27.1,16.9,21
2010/5/19,16,25.2,17.9,20.4
2010/5/20,1.5,22.2,17,19.9
2010/5/21,0,25.4,14.8,20
2010/5/22,7.5,25.7,15.5,20.1
2010/5/23,85.5,24.4,16.5,19.3
2010/5/24,15.5,24,17,20.5
2010/5/25,0,24.5,16.8,20
2010/5/26,0,18.6,15.4,17.1
2010/5/27,0,20.1,13.3,16.5
2010/5/28,0,21.5,10.2,16.2
2010/5/29,0,26.3,14.5,19.6
2010/5/30,0,25.1,13.4,18.7
2010/5/31,0,23.1,13.9,18.6
2010/6/1,0.5,25.1,14.9,19.3
2010/6/2,0,26.6,14.6,20.1
2010/6/3,0,26.3,15.4,20.7
2010/6/4,0,25.7,16,20.9
2010/6/5,0,28.3,16.6,22
2010/6/6,0,27.9,17.2,22.5
2010/6/7,1,23,18.5,20.3
2010/6/8,0,25.6,17.6,20.2
2010/6/9,0,28.1,15.8,21.3
2010/6/10,0,27.5,16.8,22.6
2010/6/11,0,29.3,17.8,23.2
2010/6/12,0,29,17.7,23.8
2010/6/13,26,25,17.7,20.5
2010/6/14,0,28.2,19.1,23
2010/6/15,37,22.5,19.9,20.8
2010/6/16,0.5,27.7,19.9,23.1
2010/6/17,0,29.1,20,24.6
2010/6/18,38.5,25.2,20.9,22.5
2010/6/19,4,30.5,21.6,25.6
2010/6/20,3,26.6,22.5,24.2
2010/6/21,0,28.2,21.2,24.6
2010/6/22,4.5,30.2,22.3,25.8
2010/6/23,1.5,26.9,21.3,23.6
2010/6/24,0,29,19.2,24
2010/6/25,21.5,23.6,21.2,22.1
2010/6/26,35,26.4,21.8,24.4
2010/6/27,0,33.5,23.1,27.3
2010/6/28,2,33.3,23.4,26.8
2010/6/29,2.5,27.1,23.8,25
2010/6/30,0.5,28,23,24.9
2010/7/1,0,30.7,23,26.8
2010/7/2,0.5,28.5,23.8,25.8
2010/7/3,14.5,29.3,23.6,26.1
2010/7/4,35,28.5,24.3,25.4
2010/7/5,6.5,29.1,23.8,25.9
2010/7/6,0,28.3,24.7,26.4
2010/7/7,0,30.6,23,26.3
2010/7/8,0,30.4,21.9,25.9
2010/7/9,0.5,28.3,23.3,24.8
2010/7/10,0,30.1,21.9,25.9
2010/7/11,4,33.4,23.4,28.8
2010/7/12,158.5,29.8,23,25.5
2010/7/13,13,28.8,23.5,25.5
2010/7/14,14,27.5,24,25.1
2010/7/15,1,29.9,22.1,25.7
2010/7/16,18,30.7,23.5,25.4
2010/7/17,0,32.2,22.9,27
2010/7/18,0,32.5,22.1,27.3
2010/7/19,0,32.6,24.6,28.1
2010/7/20,0,33,23.9,28
2010/7/21,0,32.7,23.5,28.2
2010/7/22,0,32.6,25.1,28.6
2010/7/23,0,33.3,24.6,28.9
2010/7/24,0,33,24.9,28.8
2010/7/25,0,33.1,24.7,28.6
2010/7/26,0,32.2,24.8,28.3
2010/7/27,0,32.5,25.1,28.6
2010/7/28,2,30.4,24.2,27.1
2010/7/29,0.5,33.4,24.4,28
2010/7/30,0,33.7,26,29.2
2010/7/31,0,34.1,26.2,29.9
2010/8/1,0,33.7,27.6,30
2010/8/2,0,35.1,26.1,30.1
2010/8/3,0,35,26.5,30.2
2010/8/4,0,35.8,25.8,30.2
2010/8/5,0,34.9,27.1,29.8
2010/8/6,0,34.3,25.2,28.7
2010/8/7,3,33.6,24,27
2010/8/8,0,33.5,23.3,28.1
2010/8/9,0,33.5,24.1,27.9
2010/8/10,1.5,34.2,25.3,28.9
2010/8/11,0,33.3,26.8,30.3
2010/8/12,0,33.6,28.3,30.4
2010/8/13,0,34.1,26.6,30.1
2010/8/14,0,34.3,27.2,30.2
2010/8/15,0,36.1,28.5,31.7
2010/8/16,0,36,27.6,31
2010/8/17,0,35.7,26.5,30.4
2010/8/18,0,36.5,26.3,30.5
2010/8/19,0,36,26.4,30.6
2010/8/20,0,36,26.1,30.6
2010/8/21,0,34.9,26.9,29.9
2010/8/22,0,34.7,26.1,30.1
2010/8/23,0,34.6,26.1,30
2010/8/24,0,34.4,26.6,29.8
2010/8/25,0,34.6,25.2,28.8
2010/8/26,0,34.4,24,29
2010/8/27,0,35.8,25.7,30.2
2010/8/28,0,35.8,25.9,30.5
2010/8/29,0,34.1,26.3,29.4
2010/8/30,0,33.7,26.1,28.8
2010/8/31,0,35,24.7,29
2010/9/1,0,35.8,24.3,29.4
2010/9/2,0,34.5,25.1,29.5
2010/9/3,0,34.8,25.4,29.6
2010/9/4,0,34.5,26.3,29.7
2010/9/5,0,34.6,25,29.1
2010/9/6,0,34.7,26.2,30.2
2010/9/7,0.5,34.7,27,30.1
2010/9/8,1.5,31.4,25.1,27.3
2010/9/9,0,31.8,24.3,27.4
2010/9/10,0,32.6,23.5,28
2010/9/11,0,34.4,25,29.3
2010/9/12,0,35.4,25.8,30
2010/9/13,7,28.2,22.4,25.5
2010/9/14,0,30.5,20.2,25
2010/9/15,10.5,26.6,21.3,23.7
2010/9/16,0,31.3,21,24.8
2010/9/17,0,32,19.3,24.9
2010/9/18,0,31.9,19.6,25.3
2010/9/19,0,31.4,20.9,26.3
2010/9/20,0,32.3,24.2,27.6
2010/9/21,0,31.9,25.7,28.7
2010/9/22,0,32.8,25.2,28.1
2010/9/23,23,25.7,19.3,22.1
2010/9/24,0,26.3,17.7,22.1
2010/9/25,0,26.8,18.9,22.2
2010/9/26,0,27.7,16.7,21.7
2010/9/27,43,24.9,19.6,21
2010/9/28,0.5,26.9,19.5,22.5
2010/9/29,0,25.1,16.6,21
2010/9/30,10.5,20.4,17.8,19.2
2010/10/1,0,28.4,16.6,22.1
2010/10/2,0,26.3,18.5,22.9
2010/10/3,0,28.3,21.3,23.9
2010/10/4,0,24.8,17.8,21.9
2010/10/5,0,23.9,16.7,19.5
2010/10/6,0,26.6,14.9,20
2010/10/7,0,27.3,16.2,21.4
2010/10/8,19,21.4,18.4,19.9
2010/10/9,27.5,21.8,17.3,19.6
2010/10/10,0,26.1,17.3,21.2
2010/10/11,0,25.9,15.4,20.5
2010/10/12,0,25.6,17.9,21.4
2010/10/13,0,26.2,17.2,21.5
2010/10/14,0,25.4,18.6,21.5
2010/10/15,0,24.4,17.8,20.7
2010/10/16,0,22.4,13.2,17.7
2010/10/17,0,25.6,13.7,18.6
2010/10/18,0,26.7,13.7,19.1
2010/10/19,0,26.1,15.8,20.6
2010/10/20,0,25.4,19,21.4
2010/10/21,1.5,21.3,18.3,19.5
2010/10/22,0,23.8,16.9,20
2010/10/23,0,25.2,16.4,20.4
2010/10/24,7.5,23.4,19,20.3
2010/10/25,9,21,18.5,19.6
2010/10/26,0,20.4,10.7,15.8
2010/10/27,0,16,9.8,12.3
2010/10/28,0,16.4,11.8,14
2010/10/29,0,19.1,13.8,16.4
2010/10/30,0,19.2,14.8,17.1
2010/10/31,14.5,17.9,14.6,16.1
2010/11/1,5.5,20.1,10.7,15.3
2010/11/2,0,19.7,9.5,14.3
2010/11/3,0,17.7,7.8,12.2
2010/11/4,0,18,7.5,12.1
2010/11/5,0,19.1,8.2,13
2010/11/6,0,20.8,8.8,14.2
2010/11/7,8,20,13,15.7
2010/11/8,0,20.5,14.6,17.3
2010/11/9,1.5,16.1,9.5,12.8
2010/11/10,1,16.2,8.2,12.8
2010/11/11,0,19,7.4,13.7
2010/11/12,4,19.3,10.6,15.9
2010/11/13,0,17.6,9.8,13.7
2010/11/14,0,20.5,13.2,16
2010/11/15,0,17.6,7.5,13
2010/11/16,0,16.2,5.8,10.8
2010/11/17,0,16.7,8,12.6
2010/11/18,0,16.6,5.6,10.3
2010/11/19,0,16.2,5.8,10.7
2010/11/20,0,18.7,6.5,12.3
2010/11/21,0,20.5,8.1,13.7
2010/11/22,23,15,11.5,13.4
2010/11/23,0,16.2,8.6,13
2010/11/24,0,16.7,5.8,10.7
2010/11/25,0,17.2,7.3,12.1
2010/11/26,0,15,7,11.6
2010/11/27,0,14.2,5.1,9.6
2010/11/28,0,14.5,5.1,11
2010/11/29,0,15.1,3.4,8.9
2010/11/30,0,16.8,5.4,11
2010/12/1,0,19.5,8.5,12.9
2010/12/2,21.5,20.5,7.6,13.5
2010/12/3,1.5,16,9.6,12.8
2010/12/4,0,14,6.5,10
2010/12/5,0,17.6,5.5,10.4
2010/12/6,0,18,7.2,12.2
2010/12/7,0,14,6.5,10.7
2010/12/8,1.5,12.7,3.2,8.3
2010/12/9,1,9.9,4.2,7.6
2010/12/10,0,13.6,2.4,7.6
2010/12/11,2,15.8,7.4,11.7
2010/12/12,0,14.3,3,9
2010/12/13,19.5,14.7,8.7,10.5
2010/12/14,8,17.5,8.5,13.2
2010/12/15,0,11,3.6,6.3
2010/12/16,0,6.5,1.4,4.1
2010/12/17,2.5,8.6,1.5,5.5
2010/12/18,0,13.1,4.1,8.8
2010/12/19,0,15.6,3.1,8.6
2010/12/20,4,17.1,7.7,12.5
2010/12/21,19,10.7,5.9,9
2010/12/22,0,15.8,7.9,11.4
2010/12/23,0,14.5,5.8,9.4
2010/12/24,0,10.7,2.8,7
2010/12/25,0,5.3,1.3,2.9
2010/12/26,2.5,7.2,1.7,4.4
2010/12/27,0,9.1,2.9,5.9
2010/12/28,1.5,14.7,5.5,9.3
2010/12/29,0,8.2,3.2,6.3
2010/12/30,9.5,6.9,2,5.1
2010/12/31,0,5.4,1.4,2.5
2011/1/1,0,5.9,1.1,3
2011/1/2,0,10.7,-0.5,4.1
2011/1/3,1,10.2,1,5.1
2011/1/4,3,10.2,3,5.7
2011/1/5,1.5,8.9,2.6,6.4
2011/1/6,0,8.1,2,5.6
2011/1/7,0,8.4,0.9,3.8
2011/1/8,0,9.4,0.4,4.4
2011/1/9,0,10.2,3.6,6.9
2011/1/10,0,7.6,0.1,3.7
2011/1/11,0,8.2,-0.1,3.9
2011/1/12,0,8.2,0.2,4.5
2011/1/13,0,7,-0.1,3.1
2011/1/14,0,8.5,-0.8,3.4
2011/1/15,0,7,-0.8,3.2
2011/1/16,0,3,-3,-0.4
2011/1/17,0,7.8,-1.9,2.6
2011/1/18,0,8.3,-1,3.7
2011/1/19,0,7.2,1.8,4.7
2011/1/20,0,7.5,0.8,4.3
2011/1/21,0,8.6,-0.3,3.7
2011/1/22,0,9.1,-0.6,3.8
2011/1/23,0,8.7,-0.2,3.6
2011/1/24,0,8.2,1.2,4.9
2011/1/25,0,7.3,0.1,3.6
2011/1/26,0,6.7,-0.3,3.8
2011/1/27,0,7.2,-1.2,2.4
2011/1/28,0,8.2,-0.2,3.7
2011/1/29,0,7.9,0.1,2.7
2011/1/30,0,4.7,-0.7,1
2011/1/31,0,4.2,-3.5,0.5
2011/2/1,0,9,0.3,4
2011/2/2,0,11.8,0.5,5.4
2011/2/3,0,12.3,1.3,6
2011/2/4,0,12.8,2.1,6.7
2011/2/5,0,13.3,2.9,7.6
2011/2/6,0,12.3,1.7,6.7
2011/2/7,0,13.9,3.4,7.7
2011/2/8,5.5,12.5,2.3,7.1
2011/2/9,0,11.5,4.5,7.9
2011/2/10,3.5,8.4,1.4,5.1
2011/2/11,5,7.9,2.3,4.2
2011/2/12,1.5,6.9,1.5,4.2
2011/2/13,0,7.8,-1.8,2.7
2011/2/14,12,3.3,1.7,2.6
2011/2/15,0,8.6,0.4,4
2011/2/16,0,12.3,-0.7,6.1
2011/2/17,7,13.8,6.9,9.5
2011/2/18,2,12.9,3.6,8.6
2011/2/19,0,10.2,0.4,5.4
2011/2/20,0,13.4,2.6,7.3
2011/2/21,0,14.3,1.5,7.7
2011/2/22,0,14.6,2.4,8.5
2011/2/23,0,17.1,4.8,10.9
2011/2/24,0,18.8,6.9,12.1
2011/2/25,0,18.1,8.6,13.2
2011/2/26,0,15.2,3.2,9.1
2011/2/27,2,16.2,6.6,11
2011/2/28,16,13,9.8,11.1
2011/3/1,1.5,11.4,8.4,9.7
2011/3/2,0.5,10.5,3.4,7.4
2011/3/3,1,9.2,0,4
2011/3/4,0,9,0,4.3
2011/3/5,0,11.2,-0.4,5.4
2011/3/6,17.5,11.7,3.7,7.6
2011/3/7,6.5,11.9,4,7.7
2011/3/8,0,10.5,2.4,6.1
2011/3/9,0,11.2,2,6.6
2011/3/10,0,9.4,-0.4,4.7
2011/3/11,0,11.8,1.1,6.5
2011/3/12,0,13,2.2,7.9
2011/3/13,0,17.7,4.6,11.3
2011/3/14,0,19.6,8.2,13.3
2011/3/15,0,15.7,9.2,12.1
2011/3/16,0,9.3,0.8,5.3
2011/3/17,0,9.8,1,4.1
2011/3/18,0,11.5,-0.5,6.1
2011/3/19,0,18,8.1,12.8
2011/3/20,7,17.7,8.8,13.1
2011/3/21,12,14.8,10,11.9
2011/3/22,1.5,14.6,5.8,9.9
2011/3/23,0,12.1,2.3,6.8
2011/3/24,0,11.8,2.8,6.7
2011/3/25,0.5,10.6,2,6.3
2011/3/26,0,11,2.1,5.9
2011/3/27,0,12.1,0.3,6.1
2011/3/28,0,14.9,1.6,8
2011/3/29,0,15.6,4.3,10
2011/3/30,0,13.9,5.4,9.4
2011/3/31,0,16.7,4.8,10.7
2011/4/1,0,19.6,6.2,12.9
2011/4/2,0,17.6,9.1,13.6
2011/4/3,0,14.1,7.4,10.4
2011/4/4,0,16.6,3.1,10.1
2011/4/5,0,17.2,2.8,10.5
2011/4/6,0,20,5.9,13.2
2011/4/7,0,22.7,12,17.4
2011/4/8,3.5,19.1,13.6,16.9
2011/4/9,0,18.3,10.8,14.2
2011/4/10,0,20.7,6.6,13.4
2011/4/11,0,17.9,8.5,12.8
2011/4/12,0,16,4.6,10.8
2011/4/13,0,18.7,7,13.1
2011/4/14,0,19.8,7.2,13.8
2011/4/15,0,20.6,11.2,15.1
2011/4/16,0,19.4,11.2,15.4
2011/4/17,0,18.7,6.5,13.2
2011/4/18,11.5,15.6,10.3,12.6
2011/4/19,0.5,12,7.7,10.1
2011/4/20,0,17.4,6.5,11.1
2011/4/21,0,20.2,6.9,13.8
2011/4/22,4,20,12.9,15.8
2011/4/23,26,18.2,10.5,14.6
2011/4/24,0,17.5,9.5,13.5
2011/4/25,0,18.3,10.4,14.2
2011/4/26,0,28.1,9.6,19.7
2011/4/27,15.5,28.9,11.7,19.5
2011/4/28,0,17.1,10.5,13.8
2011/4/29,0,20,8,14
2011/4/30,1,27.5,12,19.7
2011/5/1,3,25.7,14,20.1
2011/5/2,0,21.5,11,16.2
2011/5/3,1.5,18.7,12.6,14.9
2011/5/4,0,21,10.5,16.3
2011/5/5,0,23.8,13.7,17.8
2011/5/6,0,23.8,13,18.7
2011/5/7,0,25.4,15.5,20.1
2011/5/8,0,27.8,18.6,22.4
2011/5/9,0,27.8,16.8,22.6
2011/5/10,47,29.1,22.2,24
2011/5/11,26.5,27.2,21.4,23.3
2011/5/12,18.5,23,17.1,20.5
2011/5/13,0,21,16.9,18.2
2011/5/14,0,23,14.7,18.6
2011/5/15,0,25.4,12.8,19.4
2011/5/16,0,24.2,14.8,19.8
2011/5/17,0,23.5,14.8,19.2
2011/5/18,0,25.7,12.4,19.3
2011/5/19,0,26.2,14.7,20.8
2011/5/20,0,27.3,15.3,22.1
2011/5/21,0,29.1,21.1,24.3
2011/5/22,0,25.7,20.5,22.8
2011/5/23,44,20.6,13.6,15.8
2011/5/24,15.5,22.8,13.9,17.8
2011/5/25,0,25.1,14.8,19.7
2011/5/26,14.5,20.5,16.8,18
2011/5/27,1,21.1,16.4,18.3
2011/5/28,31,19.4,16.9,18
2011/5/29,93,19.6,15.4,17.9
2011/5/30,3.5,22.3,14.7,18
2011/5/31,0,23.4,14,18.8
2011/6/1,0,25.6,17.6,21
2011/6/2,0,26.5,18.3,21.7
2011/6/3,0,25.9,18.1,21.7
2011/6/4,0,28,19,22.9
2011/6/5,0,24.4,18.6,20.9
2011/6/6,0,27.2,16.5,22.1
2011/6/7,8.5,22.4,17.6,19.5
2011/6/8,4.5,24.4,17.6,20.6
2011/6/9,0,27.2,18.2,22.8
2011/6/10,20,27,20.2,22.7
2011/6/11,38,24.1,20.8,22.3
2011/6/12,52.5,24.3,18.9,21.3
2011/6/13,0,24.4,18.8,21.6
2011/6/14,0,25.6,18.4,21.7
2011/6/15,0,24.9,19.1,21.4
2011/6/16,65.5,20.4,18.4,19.2
2011/6/17,3,25,18.7,21.3
2011/6/18,12.5,23,20.2,21
2011/6/19,6,23.6,19.3,20.7
2011/6/20,60,26.6,19.5,22.4
2011/6/21,12,30.2,21.4,25.1
2011/6/22,0,31.2,23.8,27.4
2011/6/23,0,34.9,26.2,30.3
2011/6/24,0,35.6,28.1,30.8
2011/6/25,2,33.2,25.2,29
2011/6/26,0,33.1,24.8,29.1
2011/6/27,0,34.3,27.8,30.2
2011/6/28,0,34.9,26.7,30.2
2011/6/29,0,32.5,25.1,28.3
2011/6/30,0,33.2,24.8,27.7
2011/7/1,21,26.9,23.3,25.3
2011/7/2,0,30.1,24.5,27.2
2011/7/3,0,31.9,25.2,28.3
2011/7/4,101,33,23.4,27.7
2011/7/5,0,29.6,21.2,25.3
2011/7/6,28,25.6,21.3,23.6
2011/7/7,3.5,30.6,23.6,27
2011/7/8,0,33.6,24.5,28.8
2011/7/9,0,32.9,25.4,28.9
2011/7/10,0,32.8,24.6,28
2011/7/11,0.5,31.7,23.8,27.1
2011/7/12,0,33.8,23.6,27.7
2011/7/13,0,32,24.2,27.7
2011/7/14,0,32.1,23,27.5
2011/7/15,0,33.4,23.7,28.5
2011/7/16,0,33.4,24.3,28.7
2011/7/17,0,35.9,24.1,29.7
2011/7/18,12.5,29.2,25,26.6
2011/7/19,4,28.2,24.2,26.4
2011/7/20,1,27.5,23.4,24.9
2011/7/21,0,29.9,23.1,25.4
2011/7/22,0,29.8,23.1,25.9
2011/7/23,0,30.3,23.6,26.1
2011/7/24,0,32.3,21.6,26.8
2011/7/25,0.5,29.7,24.7,26.6
2011/7/26,0,32.1,23,28
2011/7/27,0,33.6,25.5,28.3
2011/7/28,0,32.2,25.5,28.5
2011/7/29,0,32.9,24.9,28.5
2011/7/30,0,31.3,24.9,27.9
2011/7/31,0,31.5,25.3,27.9
2011/8/1,0,33.2,24.8,28.7
2011/8/2,14.5,32.7,25.5,27.5
2011/8/3,0,34.5,24.3,28.5
2011/8/4,0,33.8,24.8,28.8
2011/8/5,2.5,32.9,24.2,28.1
2011/8/6,0,33.3,25,28.6
2011/8/7,0,34.7,25.1,29
2011/8/8,0,33.4,24.9,28.8
2011/8/9,0,34,25.5,29.3
2011/8/10,0,33.9,26.1,29.8
2011/8/11,0,32.1,26.2,29
2011/8/12,0,32.6,25.8,28.8
2011/8/13,2.5,34.7,25.1,28.8
2011/8/14,5,33.9,25,28.8
2011/8/15,1,33.5,25,28.6
2011/8/16,0,32.8,26.7,29.6
2011/8/17,0,34.2,26.9,30.3
2011/8/18,8,34.5,25.4,29.6
2011/8/19,0,30.8,25,27.2
2011/8/20,7.5,28,23.2,26
2011/8/21,20,25.5,23.3,24.1
2011/8/22,5.5,29.6,23,25.5
2011/8/23,10,27.3,23.5,25.1
2011/8/24,0,32.1,23,26.5
2011/8/25,0,30.2,23.3,26.6
2011/8/26,0,32.1,23.6,27
2011/8/27,0,32.7,23.5,27.3
2011/8/28,0,31.9,24.4,27.2
2011/8/29,0,32.2,23.6,27.6
2011/8/30,0,32.4,24,27.7
2011/8/31,0,33,25,28.8
2011/9/1,0,35.1,26.2,28.5
2011/9/2,53.5,26.8,24,25
2011/9/3,39,26.6,24.3,25.5
2011/9/4,0,28.1,24.5,25.8
2011/9/5,0,28.7,21.4,25.3
2011/9/6,0,28.9,18.4,23.2
2011/9/7,0,30,18.7,23.8
2011/9/8,0,30.9,19.7,25.5
2011/9/9,0,31.8,23.3,27.2
2011/9/10,0,32.5,24,27.6
2011/9/11,0,32.7,23.8,27.2
2011/9/12,0,31.8,22.6,26.9
2011/9/13,0,32.6,22.4,26.9
2011/9/14,0,33.2,22.5,27.3
2011/9/15,0,33.9,23.1,27.7
2011/9/16,96.5,27.8,23.5,25.3
2011/9/17,15,27.6,23.5,24.9
2011/9/18,0.5,30.1,23.6,26.1
2011/9/19,6.5,30.4,22.7,25.2
2011/9/20,151,23.1,20.5,22.1
2011/9/21,3.5,25,18.6,21.7
2011/9/22,0,25.5,16.3,20.6
2011/9/23,0,25.6,14,19.3
2011/9/24,0,25.8,14,19.7
2011/9/25,0,26.5,15.5,20.8
2011/9/26,0,26.9,18.9,22.1
2011/9/27,0,29.5,17.6,23.1
2011/9/28,0,27.6,18,22.7
2011/9/29,0,29.2,19.8,24.7
2011/9/30,16,26.6,19.3,23.4
2011/10/1,0,26.2,17.5,21.1
2011/10/2,0,22.6,17.1,19.4
2011/10/3,0,22.6,15.9,18.6
2011/10/4,0,23.7,15.2,19.1
2011/10/5,11.5,21.4,17.3,18.2
2011/10/6,1,24.4,16.5,20
2011/10/7,0,23.6,14.7,18.7
2011/10/8,0,24.7,13.1,18.8
2011/10/9,0,25.7,15.6,20.5
2011/10/10,0,26.4,17.7,21.4
2011/10/11,0,26.4,16.3,20.5
2011/10/12,0,25.8,16.8,20.6
2011/10/13,7,23.5,17.3,19.9
2011/10/14,9.5,26.4,18.1,22.2
2011/10/15,2,24.7,19.6,21.7
2011/10/16,0,22.3,16.3,19.7
2011/10/17,0,23.4,14.7,18.4
2011/10/18,0,23.6,11.6,17.2
2011/10/19,0,24.3,13.4,18.5
2011/10/20,0,26.2,13.9,20.2
2011/10/21,63,22.9,18.4,20.2
2011/10/22,2,25.6,18.5,20.9
2011/10/23,1,24,18,20.4
2011/10/24,0,24.6,17.7,20.3
2011/10/25,0,21.3,13.4,18.2
2011/10/26,0,19.5,10.2,14.3
2011/10/27,0,21.5,9.1,14.7
2011/10/28,0,23.8,11.6,17.3
2011/10/29,0,23.1,14.4,18.8
2011/10/30,23,19.6,16.4,17.8
2011/10/31,0.5,24.1,15.8,19
2011/11/1,0,24.2,14.3,19.5
2011/11/2,0,22.9,16.5,19.7
2011/11/3,0,23.6,16.6,19.7
2011/11/4,0,25.7,15.4,20.4
2011/11/5,15.5,21.9,18.7,20.2
2011/11/6,2,21.5,18.1,19.9
2011/11/7,0,23.7,14.8,18.6
2011/11/8,0,22,12.6,16.9
2011/11/9,0,18.4,13.4,15.6
2011/11/10,0,17.9,12.5,15.1
2011/11/11,0,19.8,13.5,16
2011/11/12,0,22.6,13.4,17.3
2011/11/13,0,21,13.8,17.6
2011/11/14,0,20.1,11.2,15.2
2011/11/15,0,18.5,9.3,13.6
2011/11/16,0,18.7,6.7,12.3
2011/11/17,0,20.7,7.9,14.3
2011/11/18,23,19,13.1,15.7
2011/11/19,49.5,20.3,16.3,18.2
2011/11/20,0.5,19.7,8.3,14.9
2011/11/21,0,13.7,5.4,9.4
2011/11/22,0,14.9,3.9,8.9
2011/11/23,1.5,17.2,7.7,12.6
2011/11/24,0.5,13.3,4.4,9.6
2011/11/25,0,12.3,3.8,8.1
2011/11/26,0,15.4,3.9,9
2011/11/27,0,17.8,7.9,12.5
2011/11/28,0,17.8,11,14
2011/11/29,0,20.4,13.5,16.1
2011/11/30,0.5,20.6,12.3,16.5
2011/12/1,0,16.6,11,12.7
2011/12/2,6.5,12.6,10.6,11.6
2011/12/3,11,16.2,10.5,13
2011/12/4,0,15.8,6.8,10.9
2011/12/5,0,16.4,7,10.4
2011/12/6,0,15.1,7.1,10.9
2011/12/7,0,16.1,8.1,11.6
2011/12/8,14.5,11.8,8.3,10.1
2011/12/9,0,11.4,5.3,7.8
2011/12/10,3.5,8.6,5.2,7.2
2011/12/11,0,10.6,3.2,6.9
2011/12/12,0,13.7,6.2,9.2
2011/12/13,0,15.3,5.2,9.7
2011/12/14,0,16.4,7.3,11
2011/12/15,0,15.3,7.1,10.9
2011/12/16,0,8.9,3.3,6.1
2011/12/17,0,8.6,1.4,4.5
2011/12/18,0,10.7,2,6.6
2011/12/19,0,10.5,4,6.8
2011/12/20,0,11.3,2.2,6.3
2011/12/21,0,12.3,3.5,7.2
2011/12/22,0,12.2,5.2,7.9
2011/12/23,0.5,9.4,3,5.8
2011/12/24,0,9.3,1.8,5
2011/12/25,0,5.6,2.6,3.7
2011/12/26,0,7.4,1.9,4.3
2011/12/27,0,9.6,1.4,4.4
2011/12/28,0,10.6,-0.1,4.8
2011/12/29,0,12.4,2.1,6.4
2011/12/30,0,9.9,1.4,6
2011/12/31,0,11.2,-0.4,5
2012/1/1,1.5,9.2,3.9,7
2012/1/2,1.5,9.8,1.8,5.4
2012/1/3,0,10,1.5,5.9
2012/1/4,0,6.6,3.5,4.8
2012/1/5,0,8.1,2.6,5.2
2012/1/6,0,9.8,0.8,5
2012/1/7,0,10.6,1.2,5.4
2012/1/8,0,11.1,0.2,5.4
2012/1/9,0,11.6,3.6,7.3
2012/1/10,0,11.4,1.2,6.2
2012/1/11,0,9.4,1.9,5.9
2012/1/12,0,8.8,-1,3.9
2012/1/13,0,8.4,3.8,5.9
2012/1/14,0,10.7,1.1,5.3
2012/1/15,0,8.6,2.6,5.5
2012/1/16,3.5,7.4,3.5,5.4
2012/1/17,0,11,0.2,5
2012/1/18,0,11.7,1.7,6.7
2012/1/19,16.5,8.3,6.9,7.5
2012/1/20,0,13,6.9,9.3
2012/1/21,2.5,10.1,4.5,8.4
2012/1/22,0.5,12.9,3.8,8
2012/1/23,0,9.2,2.9,6.2
2012/1/24,0,5.3,0.3,2.5
2012/1/25,0,5.9,-0.7,2.1
2012/1/26,0,6.5,-0.9,1.8
2012/1/27,0,7.3,-1.1,2.8
2012/1/28,0,10.4,2,5.8
2012/1/29,0,10.2,-0.1,4.5
2012/1/30,0,8.9,1.3,4.2
2012/1/31,0,8.1,-0.6,3.2
2012/2/1,1.5,8.7,0.6,5.4
2012/2/2,1.5,2.7,-1.9,0.4
2012/2/3,0,5.2,-2.7,1.5
2012/2/4,0,7.9,1.6,5.2
2012/2/5,1,7.7,0.6,4.4
2012/2/6,21.5,9.9,5.1,7.3
2012/2/7,13,10.2,4.6,7.9
2012/2/8,0,5,-1.3,1.9
2012/2/9,0,6.2,-2.4,2.1
2012/2/10,0,7.8,0.2,4.2
2012/2/11,0,9.3,-0.4,4.4
2012/2/12,0,9.7,-0.6,4.3
2012/2/13,8.5,6.1,3.6,5.3
2012/2/14,7.5,8.8,5.7,6.9
2012/2/15,5.5,10.5,5.1,7.8
2012/2/16,0,9.8,3.8,5.6
2012/2/17,0,7,1.4,3.6
2012/2/18,0,6,-0.1,2.2
2012/2/19,0,6.8,-2.4,2.6
2012/2/20,0,8.3,0.4,4.1
2012/2/21,0.5,9,2.5,6
2012/2/22,5,8.2,5.1,6.8
2012/2/23,33.5,12.6,7.1,9.3
2012/2/24,0,14.6,4.4,9.1
2012/2/25,7.5,9.8,6.4,8.1
2012/2/26,0,7.8,1.5,5.7
2012/2/27,0,10.8,-0.4,4.7
2012/2/28,8,11,2.3,5.7
2012/2/29,0.5,12.8,3.7,7.7
2012/3/1,0.5,13,6.4,9.3
2012/3/2,3,12.7,9.1,10.8
2012/3/3,0,14.9,7.3,11
2012/3/4,7,10.1,6.7,8.2
2012/3/5,15.5,11.2,6.9,9.1
2012/3/6,4,16.1,9.6,11.9
2012/3/7,0,12,7.8,10
2012/3/8,1,11.7,5.1,8.3
2012/3/9,10.5,10.1,5.7,7.7
2012/3/10,0,13.6,3.9,8.3
2012/3/11,0,11.3,1.5,5.8
2012/3/12,1,7.9,0.4,3.9
2012/3/13,0,10,0.3,4.7
2012/3/14,0,11.6,0.7,6.1
2012/3/15,0,15,3.7,9.1
2012/3/16,2.5,10.4,3.9,7.6
2012/3/17,1.5,17.2,8.2,12.8
2012/3/18,5,13.4,9.4,12.1
2012/3/19,0,13.1,5.8,9.3
2012/3/20,0,13.6,3.4,8.1
2012/3/21,0,13.9,2.2,8
2012/3/22,0,17,4.9,11.5
2012/3/23,60,12.1,7.6,9.9
2012/3/24,0.5,12.1,9.1,10
2012/3/25,0,11.2,3.6,7.9
2012/3/26,0,11,3.1,6.7
2012/3/27,0,14.6,1.9,8.6
2012/3/28,0,17.1,5.6,11.7
2012/3/29,0,18.2,4.2,11.6
2012/3/30,0,22.9,12.6,17.7
2012/3/31,13.5,17.9,5.5,11.9
2012/4/1,0,13.8,6,10.5
2012/4/2,0,17.6,3.9,12.1
2012/4/3,2.5,21.3,9.1,14.6
2012/4/4,0,14.7,7.2,10.7
2012/4/5,2,17.9,7.8,13.1
2012/4/6,0,14.6,8.8,11.5
2012/4/7,0.5,11.7,4.2,8.5
2012/4/8,0,18.6,2.9,11.5
2012/4/9,0,22,9,16
2012/4/10,2.5,19.7,11.2,15.3
2012/4/11,41.5,18.9,13.3,15.5
2012/4/12,0,22.1,13.2,16.4
2012/4/13,2,17.6,11.4,13.4
2012/4/14,1,18.4,10.5,13.6
2012/4/15,0,20.8,8.1,14.3
2012/4/16,0,21,11.5,15.7
2012/4/17,0,21.9,10.3,16
2012/4/18,0,22.4,11.3,17
2012/4/19,1,22.1,14.4,16.7
2012/4/20,6,22.8,13.9,16.9
2012/4/21,4.5,22.6,14.8,18.1
2012/4/22,2.5,21.6,14.2,17.9
2012/4/23,0,21.7,12,17.1
2012/4/24,0,25.5,13.4,19.4
2012/4/25,11.5,23.3,14.5,18.4
2012/4/26,1,18.9,11.4,15.5
2012/4/27,0,23.3,7.8,15.2
2012/4/28,0,25.8,11.2,18.4
2012/4/29,0,23.2,13.1,18.7
2012/4/30,4,20.2,16.3,18.1
2012/5/1,1.5,24.9,16.2,19.9
2012/5/2,18,21.9,17.3,18.9
2012/5/3,0.5,22.6,15.4,18.1
2012/5/4,0,22.5,13.7,17.3
2012/5/5,0,25.7,13,19.8
2012/5/6,0,24,15.4,19.6
2012/5/7,0,22.4,14.8,18.4
2012/5/8,0,25.5,15.5,20
2012/5/9,0,27,17.7,21.9
2012/5/10,0,24.8,14.7,18.9
2012/5/11,0,20.4,12.2,15.6
2012/5/12,0,22.7,11.1,15.7
2012/5/13,0,22.1,11.2,16.7
2012/5/14,5,23.2,12.8,16.8
2012/5/15,2.5,18.8,15.9,17.2
2012/5/16,0,26.5,15,20.1
2012/5/17,0,26.3,16.2,20.9
2012/5/18,0,23.6,13.2,18.1
2012/5/19,0,24,12.8,19.1
2012/5/20,0,23.7,16.2,19.2
2012/5/21,1.5,24.1,15.5,18.6
2012/5/22,0,29.4,14.4,20.6
2012/5/23,0,24.2,14.8,19.5
2012/5/24,0,24.9,14.3,19.9
2012/5/25,9.5,19.1,14.5,17.1
2012/5/26,0,21.8,12.9,17.4
2012/5/27,0,26.7,13.9,20.3
2012/5/28,0,27.9,16,22
2012/5/29,0,27.8,17.3,22.8
2012/5/30,0,25.3,17.7,21.1
2012/5/31,0,25.1,18.4,21
2012/6/1,0,27.6,16.9,21.9
2012/6/2,0.5,25.7,19.1,21.4
2012/6/3,1.5,25.8,18,21.1
2012/6/4,0,26.3,18.3,21.9
2012/6/5,1,21.4,17.7,19.8
2012/6/6,0,26,15.9,21.4
2012/6/7,0,28.1,18.6,23.1
2012/6/8,4,23.3,19.5,21
2012/6/9,0,25,19.4,21.7
2012/6/10,0,30,19.5,23.5
2012/6/11,0.5,26.8,18.1,22
2012/6/12,10.5,21.4,19.4,20.3
2012/6/13,0,28.3,17.7,22.7
2012/6/14,0,28.2,19.5,23.9
2012/6/15,34,27.2,19.9,22.7
2012/6/16,46,25.6,20.3,22.6
2012/6/17,1,27.6,20.4,23
2012/6/18,5,27.8,21.7,23.6
2012/6/19,26,24.9,21.1,22.7
2012/6/20,0,26,20.7,22.5
2012/6/21,66.5,21.8,18.6,19.6
2012/6/22,9,27.3,18.6,22.2
2012/6/23,0,26.4,20.3,22.7
2012/6/24,49.5,23.5,20,21.1
2012/6/25,16,24.4,19.9,21.6
2012/6/26,0,27.3,20.4,23.4
2012/6/27,4,23.6,19.7,21.6
2012/6/28,0.5,28.8,19.5,23.5
2012/6/29,0,29.3,20,24.7
2012/6/30,4.5,28.6,23,25.3
2012/7/1,14,28.8,21.7,25.3
2012/7/2,2,29.5,22.2,25.1
2012/7/3,51.5,25.7,21.6,23.6
2012/7/4,13.5,29,21,23.7
2012/7/5,13,29.5,22.8,25.4
2012/7/6,3,31.1,24.3,27.4
2012/7/7,23.5,28.6,22.2,24.5
2012/7/8,0,28.9,20.1,23.8
2012/7/9,0,29.8,19.7,24.9
2012/7/10,0,30.5,21.6,25.9
2012/7/11,15,27.4,22.3,24.6
2012/7/12,13,31.7,25.3,27.7
2012/7/13,17.5,28.3,23,24.9
2012/7/14,31,30,22.6,25.3
2012/7/15,0,34.8,23.1,28.3
2012/7/16,0,33.9,25.8,29.4
2012/7/17,0,35,24.9,29.6
2012/7/18,0,35.2,25.5,30.4
2012/7/19,2,32.1,26.1,28
2012/7/20,0.5,32.2,26,28.3
2012/7/21,0,32.5,25.8,28.2
2012/7/22,0,33.3,25,28.4
2012/7/23,0,32.4,24.7,28.5
2012/7/24,0,33.5,24.8,28.9
2012/7/25,0,32.8,25.5,28.8
2012/7/26,0,33.2,25.6,29.1
2012/7/27,0,33.9,24.9,29.5
2012/7/28,0,34.7,26.1,29.9
2012/7/29,0,34.2,26.1,29.6
2012/7/30,0,34.9,25.4,29.3
2012/7/31,0,35.6,24.7,29.2
2012/8/1,2.5,35.8,25,29.8
2012/8/2,0,35.5,26.5,30
2012/8/3,0,34.4,24.4,29
2012/8/4,0,35.9,24.2,29.8
2012/8/5,0,34.9,26.8,29.5
2012/8/6,0,34.9,25.9,29.3
2012/8/7,0,35,25.6,29.2
2012/8/8,0,34.7,25.5,29.4
2012/8/9,0,32.4,25.3,28.1
2012/8/10,0,33.9,24,28.7
2012/8/11,17,31,25,27.5
2012/8/12,0,33.4,25.8,28.7
2012/8/13,0,34.4,26.4,29.4
2012/8/14,25.5,30.2,24.7,27.1
2012/8/15,0,33.4,25.7,29.2
2012/8/16,0,34.6,25.8,29.4
2012/8/17,0,34.3,26.3,29.3
2012/8/18,0,33.2,25,29
2012/8/19,37,33.9,24.2,27.7
2012/8/20,0,33.7,24.4,28.3
2012/8/21,0.5,33.2,24.1,26.9
2012/8/22,0,33.3,23.8,27.8
2012/8/23,0,32.4,24.9,28.1
2012/8/24,0,34.9,24.8,28.7
2012/8/25,0,33.9,23.5,28.6
2012/8/26,0,35.1,24.5,29.6
2012/8/27,0,34.9,25,30.2
2012/8/28,7.5,31,25.1,27.6
2012/8/29,1,32.7,24.8,28
2012/8/30,0,35.1,25.1,29.7
2012/8/31,0,30.5,23.9,27.7
2012/9/1,2.5,28.5,22.6,25
2012/9/2,0,31.7,22.1,26.6
2012/9/3,17,31.6,24,26.4
2012/9/4,0,31.8,22.7,27.2
2012/9/5,0,32.6,23.1,26.6
2012/9/6,0,31.3,23.2,26.7
2012/9/7,0,31.9,23.8,27
2012/9/8,0.5,33.3,24,27.5
2012/9/9,0.5,31.3,23.3,26.6
2012/9/10,0,32.1,24,27.2
2012/9/11,25,31.3,22.5,25.8
2012/9/12,0,30.7,22.6,26.5
2012/9/13,0,31.6,23.8,27.3
2012/9/14,0,32.4,23.5,27.4
2012/9/15,6.5,32.7,23.6,26.9
2012/9/16,3,30.7,22.2,25.6
2012/9/17,7,32.1,24.6,28.2
2012/9/18,0,28.6,23.8,25.9
2012/9/19,0,27.4,19.5,23.8
2012/9/20,0,26.9,18.3,22
2012/9/21,0,26.5,18.3,21.5
2012/9/22,5.5,26.5,17.4,21
2012/9/23,5,26.5,17.3,20.9
2012/9/24,0,24.9,17.4,21
2012/9/25,0,29.4,17.7,23.7
2012/9/26,0,30.2,17.9,23.8
2012/9/27,0,28.8,18.2,23.2
2012/9/28,0,28.5,17.5,22.7
2012/9/29,5.5,21.8,19.1,20.4
2012/9/30,22.5,23.7,18.9,20.6
2012/10/1,0,24.8,17.9,21.1
2012/10/2,0,26.7,15.6,20.8
2012/10/3,0,28.1,15.8,21.7
2012/10/4,0,27.7,17.9,22.4
2012/10/5,0,27.2,16,20.9
2012/10/6,0,23.9,17.6,20.6
2012/10/7,0,26.3,15.2,21.1
2012/10/8,0,26.4,15.2,20.7
2012/10/9,0,27.3,15.8,21.2
2012/10/10,17.5,26.6,16.4,21.7
2012/10/11,10,25.1,18.3,20.7
2012/10/12,0,23.9,14.7,18.9
2012/10/13,0,25,13.5,19.1
2012/10/14,0,23.3,15.5,19
2012/10/15,0,27.3,13,19.6
2012/10/16,0,26.3,14.5,20.8
2012/10/17,47,22,17.2,19.9
2012/10/18,0,19.7,15.6,17.7
2012/10/19,0,22.5,12.2,16.8
2012/10/20,0,23.1,12,17
2012/10/21,0,24.3,13.6,18.4
2012/10/22,0,27.3,14.2,21.4
2012/10/23,22,23.9,11.4,16
2012/10/24,0,20,10.1,14.3
2012/10/25,0,21.3,10.7,15.2
2012/10/26,0,22.8,11.6,16.5
2012/10/27,0,22.7,12.9,18.1
2012/10/28,0.5,23.4,15.5,19.5
2012/10/29,0,22.3,11.6,16.4
2012/10/30,1,20.5,12,15.5
2012/10/31,0,19.9,11.3,15.7
2012/11/1,0,17.8,10.2,14
2012/11/2,0,17.6,8,12.5
2012/11/3,0,17.6,8.2,12.1
2012/11/4,0,17.7,7.4,13.2
2012/11/5,9,19.4,12.9,16
2012/11/6,0,19,11.9,15.8
2012/11/7,0,18.3,11.7,15.5
2012/11/8,0,18.9,10.2,14.3
2012/11/9,0,19.7,12.8,15.3
2012/11/10,0,16.4,9,13.4
2012/11/11,14.5,18,11.8,15.2
2012/11/12,0,16.8,12.6,14.8
2012/11/13,6,17,11.2,14
2012/11/14,0.5,13.4,6,10.6
2012/11/15,0,13.6,5.4,8.8
2012/11/16,0,16.2,4.6,10.8
2012/11/17,41,16.5,8.3,13.5
2012/11/18,0,15.6,6.4,10.2
2012/11/19,0,16.2,5.9,11.8
2012/11/20,0,15.3,7.4,11.9
2012/11/21,0,16.5,5.3,10.9
2012/11/22,0,17.8,10.9,13.9
2012/11/23,0.5,15.2,10.5,12.6
2012/11/24,0.5,15.3,8.9,11.5
2012/11/25,0,16.3,6.3,11.2
2012/11/26,13,16.3,10,12.6
2012/11/27,0,11.1,3.4,7.3
2012/11/28,0,13.4,3.3,8.6
2012/11/29,5,14.1,6.6,9.5
2012/11/30,0,15,5.8,9.3
2012/12/1,0,12,4.9,8.5
2012/12/2,5,9.3,3.9,6.9
2012/12/3,0.5,13.9,2.3,8.3
2012/12/4,1,12,3.2,8.7
2012/12/5,0,11.7,2.1,6.3
2012/12/6,3,11.8,1,6.2
2012/12/7,5.5,10.4,0.5,5.8
2012/12/8,6,10.2,5,7.6
2012/12/9,0,7.8,3.4,5.3
2012/12/10,0,8.1,1.7,5.3
2012/12/11,0,9.4,1.4,4.9
2012/12/12,0.5,9.6,1.8,5.1
2012/12/13,0,11.6,0.7,5.4
2012/12/14,11,14.3,2.9,9
2012/12/15,16,16.1,8.9,12.2
2012/12/16,0,15,8.5,11.3
2012/12/17,5.5,11.7,7.3,8.9
2012/12/18,0,11.8,5.1,8.9
2012/12/19,4.5,9.7,3.7,5.6
2012/12/20,0,11.1,2.7,6.2
2012/12/21,14,9.9,1.9,6.3
2012/12/22,2.5,12.9,5.5,9.3
2012/12/23,0,9.3,1.8,5.4
2012/12/24,0,5.2,0,2.4
2012/12/25,0,8.4,0.2,5.1
2012/12/26,0,7.1,0.8,3.7
2012/12/27,0,9.2,-0.9,3.7
2012/12/28,11.5,12.4,3.2,6.1
2012/12/29,0,13.4,4.8,9.1
2012/12/30,36,9.3,5.5,8.2
2012/12/31,0,6.5,-0.1,3.8
2013/1/1,0,9.8,-0.2,5.1
2013/1/2,0.5,12.5,3.7,8
2013/1/3,0,5.9,0.3,3.4
2013/1/4,0,6.4,-1.5,1.8
2013/1/5,0,8.3,-1.6,3.2
2013/1/6,0,9.3,1.9,5.1
2013/1/7,0,10.6,0.2,4.7
2013/1/8,0,11.4,3,6.2
2013/1/9,0,9.6,2.4,5.4
2013/1/10,0,7.5,1,3.7
2013/1/11,0,9,-0.8,3.4
2013/1/12,0,11.2,0.6,5.2
2013/1/13,19,9.1,2.3,5.6
2013/1/14,16.5,10.8,3.3,6.6
2013/1/15,0,8.3,0.5,5
2013/1/16,0,9.3,-0.9,4.8
2013/1/17,0,9.3,1.6,5.3
2013/1/18,0,7,-1.2,2.5
2013/1/19,0,9.7,0.4,4.5
2013/1/20,0,10.8,-0.1,4.8
2013/1/21,2.5,10.3,1.5,6.1
2013/1/22,7.5,12.7,4.6,8.7
2013/1/23,0,10.6,2.6,5.8
2013/1/24,0.5,10.9,1.8,7
2013/1/25,1.5,9,2.7,5.3
2013/1/26,0,7.4,-0.2,3.8
2013/1/27,0,6,-2.3,1.8
2013/1/28,0,7.1,-0.4,2.9
2013/1/29,0,11.2,-0.4,4.7
2013/1/30,0,13,2,6.8
2013/1/31,0,12.9,1.7,7.1
2013/2/1,15.5,12.3,3.7,8.2
2013/2/2,1,16.1,7,12
2013/2/3,0,13,3.2,8.3
2013/2/4,11,13.4,8,10.4
2013/2/5,10.5,10.8,6,8.4
2013/2/6,2,11.8,5.4,8
2013/2/7,0,10.5,3.5,7.7
2013/2/8,0,4.7,-0.9,1.7
2013/2/9,0,8.2,-1.8,2.6
2013/2/10,0,10,0.8,4.9
2013/2/11,0,10.2,1.4,5.5
2013/2/12,7,9.2,0.2,4.9
2013/2/13,0,9.3,1.4,5.4
2013/2/14,0,11.2,1.4,6.4
2013/2/15,13.5,9,4.5,6.5
2013/2/16,0,9.4,2.5,4.9
2013/2/17,0,9.2,-0.3,4.9
2013/2/18,20.5,8.9,6,7.5
2013/2/19,4,7.3,1.3,5
2013/2/20,0,9.5,0,4.3
2013/2/21,0,8.6,-0.5,3.8
2013/2/22,0,9.9,0.6,5.8
2013/2/23,0,10.3,3.4,7.3
2013/2/24,0,10.8,1.3,6.3
2013/2/25,0,11.2,1.4,5.9
2013/2/26,7.5,11,2,6.5
2013/2/27,5.5,15,6.4,9
2013/2/28,0,15.6,4,9.5
2013/3/1,33,19.9,7.8,12.5
2013/3/2,0,10.2,3.2,6.8
2013/3/3,0,9.8,0.4,5.1
2013/3/4,0,11.7,2,7.2
2013/3/5,0,13.7,3,8.2
2013/3/6,0,14.7,4,9.3
2013/3/7,0,18.8,5.9,12.3
2013/3/8,0,19.9,10.2,14.7
2013/3/9,0,22.7,10,16
2013/3/10,0,21.2,5.5,14
2013/3/11,0,13.8,2,7.7
2013/3/12,0,17.7,3.6,11.1
2013/3/13,22,22.1,9.1,16.3
2013/3/14,0,10,3.2,6.5
2013/3/15,0,13.1,0.4,6.7
2013/3/16,0,15.1,4.2,9.9
2013/3/17,0,16.8,5.7,12.1
2013/3/18,12.5,21.4,13.6,17.9
2013/3/19,0,20.9,10.8,15.4
2013/3/20,15,15.5,9.4,13.3
2013/3/21,0,13.6,5.8,8.9
2013/3/22,1.5,15.2,4.5,9.6
2013/3/23,0,16.6,6.7,11.2
2013/3/24,0,17.1,8.7,12.4
2013/3/25,0,15.3,7.4,11.7
2013/3/26,0,14.1,3.9,9.3
2013/3/27,16,11.4,7.6,9.5
2013/3/28,0,18.7,9.9,13.4
2013/3/29,0,16.1,11.8,13.8
2013/3/30,0,17.3,9.5,13.1
2013/3/31,0,16.2,9,12.6
2013/4/1,0,18.2,5.7,12.4
2013/4/2,11.5,13.1,10.7,11.7
2013/4/3,0,17.2,9.1,12.4
2013/4/4,0,18.8,8,12.8
2013/4/5,0,21.8,9.5,15.6
2013/4/6,5.5,21.9,12.9,15.3
2013/4/7,2.5,13.4,8.5,10.2
2013/4/8,0,15.3,7.9,11.3
2013/4/9,0,17.5,7.5,12.5
2013/4/10,0,13.4,7.2,10.5
2013/4/11,0.5,12,5.5,9.1
2013/4/12,0,15.5,7.1,11.6
2013/4/13,0,15.9,3.9,10.8
2013/4/14,3,23.5,9.7,16.8
2013/4/15,0,20.8,12.9,16.5
2013/4/16,0,23.8,11.2,18.2
2013/4/17,1,22.1,14.5,17.7
2013/4/18,0,22.4,12.9,17.7
2013/4/19,0,18.6,9.8,14.4
2013/4/20,10,15.3,6.6,9.5
2013/4/21,0,16.5,7,11
2013/4/22,0,18.3,4.7,11.2
2013/4/23,0.5,18.4,8.1,14.1
2013/4/24,25,17.6,12.2,14.5
2013/4/25,0,21.6,10.7,16
2013/4/26,0,17.5,10.7,14.7
2013/4/27,0,19.7,10,14.9
2013/4/28,0,21.7,9.3,16
2013/4/29,0,24.4,12.4,19.2
2013/4/30,10.5,21,11.2,15.6
2013/5/1,0,19.8,9.9,14.1
2013/5/2,0,19.6,6.9,13
2013/5/3,0,20.2,8.6,14.7
2013/5/4,0,20.8,10.8,15.4
2013/5/5,0,21.2,10,15.9
2013/5/6,0,24.5,11.5,18.4
2013/5/7,0,24.5,12,18.1
2013/5/8,0,23.4,9.9,16.7
2013/5/9,0,25.5,12,19.3
2013/5/10,14.5,19.3,16.1,17.5
2013/5/11,10,21,13.8,17.5
2013/5/12,0,25.8,11.9,18.6
2013/5/13,0,27.9,13.5,20.3
2013/5/14,0,26.3,14.4,20.3
2013/5/15,0,25.6,14.8,20.7
2013/5/16,0,26.8,16.6,21.2
2013/5/17,0,24.2,14.9,19
2013/5/18,0,27.6,13.6,20.6
2013/5/19,14,19.7,16.8,17.9
2013/5/20,0,24.6,17.5,20.7
2013/5/21,0,27.6,17.3,21.5
2013/5/22,0,27.9,16,22.1
2013/5/23,0,28,16.8,21.8
2013/5/24,0,29.1,15.8,22.2
2013/5/25,0,28,16.8,22.7
2013/5/26,0,29.9,17.7,23.6
2013/5/27,0,28,19.7,23.4
2013/5/28,12.5,26.9,18.9,22.9
2013/5/29,2.5,29.2,19.7,23.8
2013/5/30,0,23.2,17.8,21
2013/5/31,0,24.4,15.7,20.2
2013/6/1,9.5,23,16.9,18.9
2013/6/2,21.5,18.9,16.2,17.4
2013/6/3,5,26.3,16.9,20.7
2013/6/4,0,27.1,17.3,22.4
2013/6/5,0,26.5,19.1,22.4
2013/6/6,0,25.9,18.8,21.9
2013/6/7,0,27.3,17.6,22.5
2013/6/8,0,26.9,18,22.6
2013/6/9,0.5,22.9,19.4,20.9
2013/6/10,0,28.5,17.9,23.3
2013/6/11,0.5,31.2,20.4,25.3
2013/6/12,0,31.3,21.2,26
2013/6/13,0,30.5,23.1,26.4
2013/6/14,0,32.2,22.8,26.6
2013/6/15,32.5,25.9,22.3,23.8
2013/6/16,0,29.4,21.3,25.2
2013/6/17,0,30.9,21.4,25.9
2013/6/18,0,32.7,23.2,28.1
2013/6/19,16,29.6,23.9,27.1
2013/6/20,112,24.5,20.1,22.6
2013/6/21,18,21,18.9,19.9
2013/6/22,0,26.9,17.4,21.4
2013/6/23,5,24.3,19.4,21.6
2013/6/24,14,23.6,18.9,20.9
2013/6/25,10.5,26.9,19.9,22.5
2013/6/26,69.5,23.9,20.6,21.5
2013/6/27,0.5,27.4,20.5,23
2013/6/28,1,26.6,21.5,23.1
2013/6/29,0.5,27.2,20.7,23.5
2013/6/30,1.5,26.4,20.6,22.6
2013/7/1,0.5,29,18.8,23.3
2013/7/2,1.5,29.7,21.4,25
2013/7/3,70.5,33.4,21.7,26.5
2013/7/4,25.5,31,23.6,27
2013/7/5,0,35.2,27.1,30.7
2013/7/6,5.5,33.2,25.4,28.7
2013/7/7,0,34.5,24.8,28.7
2013/7/8,0,34.4,24.9,29
2013/7/9,0,33.7,24.6,28.9
2013/7/10,0,34,24.3,29
2013/7/11,0,33.5,24.1,28.4
2013/7/12,0,33.7,25.6,29.7
2013/7/13,0,35,27.1,30.3
2013/7/14,0,34,25.9,29.6
2013/7/15,0,33.4,26.2,29.2
2013/7/16,0,34,24.2,28.8
2013/7/17,0,33.5,24.7,28.7
2013/7/18,0,32.5,24.9,28.6
2013/7/19,0,33,25.2,28.6
2013/7/20,0,33.6,24.2,28.6
2013/7/21,0,33.2,24.9,28.9
2013/7/22,0,33.9,25.8,29.5
2013/7/23,0,33.8,26,29.5
2013/7/24,0,35.5,25.5,30.2
2013/7/25,0,35.1,27,30.7
2013/7/26,0.5,31.3,25.8,27.9
2013/7/27,0,33.7,25,29.1
2013/7/28,46,28.6,24.2,26.1
2013/7/29,0,33.4,24.9,28.9
2013/7/30,0,32.9,28.3,30.1
2013/7/31,0,34.8,27.7,30.6
2013/8/1,0,34.2,27.1,30.3
2013/8/2,0,31.9,27.1,29.2
2013/8/3,0,32.3,26.4,29.3
2013/8/4,0,34,26.5,29.8
2013/8/5,0,32.5,26,29.1
2013/8/6,0,33.8,26.5,29.4
2013/8/7,0,35.2,26,30.3
2013/8/8,0,34.1,28.1,30.8
2013/8/9,0,35.5,26.8,30.7
2013/8/10,0,34.8,26.9,31
2013/8/11,0,34.9,27,30.8
2013/8/12,0,36.4,27,31
2013/8/13,0,36.2,26.1,30.5
2013/8/14,0,34.8,26.1,30.5
2013/8/15,0,34.7,26.3,30.2
2013/8/16,0,34.6,25.5,29.7
2013/8/17,0,34.4,25,29.3
2013/8/18,0,34.6,25.2,29.6
2013/8/19,0,35.4,25.1,29.8
2013/8/20,0,35.5,25.2,30.3
2013/8/21,0,35.6,26.1,30.6
2013/8/22,0,35.6,27,30.9
2013/8/23,1.5,34.7,27,30.1
2013/8/24,6.5,28.2,25.7,27
2013/8/25,47.5,26.6,23.3,25.3
2013/8/26,35.5,25.8,21.3,23.1
2013/8/27,0,30.8,19.9,25.2
2013/8/28,0,32.4,22.3,26.7
2013/8/29,0,34.6,22.8,28.9
2013/8/30,25.5,31.6,24.5,27.8
2013/8/31,2,32.9,24.8,28.5
2013/9/1,63.5,25.4,22.7,23.8
2013/9/2,32.5,25.1,22.8,23.9
2013/9/3,23.5,25,18.9,21.5
2013/9/4,90,24.2,18.7,20.7
2013/9/5,0,30.2,18.6,24.4
2013/9/6,0,30,20.4,25
2013/9/7,0.5,30.5,22.5,25.5
2013/9/8,4,29.7,23,25.1
2013/9/9,0,28.7,21.7,24.8
2013/9/10,0,30.4,22.1,25.9
2013/9/11,0,31.4,23,26.8
2013/9/12,0,32.2,24.8,28
2013/9/13,0,32.1,24.1,27.7
2013/9/14,0,31.6,23.2,27.1
2013/9/15,5.5,26.5,22.4,24.4
2013/9/16,0,29.5,18.7,25.2
2013/9/17,0,29.9,15.6,22.6
2013/9/18,0,30.5,17,22.9
2013/9/19,0,30.8,18.4,23.9
2013/9/20,0,30.3,18.7,24.2
2013/9/21,0,30.8,20.2,25.2
2013/9/22,0,33.1,21.7,26.6
2013/9/23,0,29.8,21.5,25.2
2013/9/24,0,30.1,20.3,25
2013/9/25,0,30.7,20.4,24.8
2013/9/26,0,27.1,19.8,22.9
2013/9/27,0,27.9,15.6,21
2013/9/28,0,26.6,17.4,22.7
2013/9/29,0,30.8,20.8,25.3
2013/9/30,0,28.5,21.4,24.4
2013/10/1,0,30.7,19.1,24.4
2013/10/2,0,28.9,19.3,23.4
2013/10/3,0,28.5,19.9,23.7
2013/10/4,0,27.1,17.1,21.8
2013/10/5,65,21.4,19,20.3
2013/10/6,0,30.7,20.1,24.4
2013/10/7,0,30,22.3,25.2
2013/10/8,1.5,28.6,23.5,25.6
2013/10/9,0,28.1,23.5,25.3
2013/10/10,0,30.4,23,26
2013/10/11,0,27.1,23.2,25.2
2013/10/12,0,25.3,17.1,21.7
2013/10/13,0,26.6,13.4,19.4
2013/10/14,0,26.6,15.1,20.4
2013/10/15,8,21.6,17.3,19.3
2013/10/16,0.5,20.8,12.7,18
2013/10/17,0,20.9,12.3,16.4
2013/10/18,5,21,15.2,17.2
2013/10/19,13,18.6,15,16.8
2013/10/20,13,19.8,15.4,17.7
2013/10/21,0,24.9,14.7,19
2013/10/22,0,26.5,14.8,20.6
2013/10/23,24,21.1,18.6,19.6
2013/10/24,88,23.1,18,19.6
2013/10/25,101.5,18.4,16.9,17.9
2013/10/26,0,20.1,12.1,16.4
2013/10/27,0,20.4,9.4,14.2
2013/10/28,0,20.8,9.6,14.7
2013/10/29,0,21,10.7,15.3
2013/10/30,0,22.3,11.1,16.2
2013/10/31,0,21.6,11.4,15.9
2013/11/1,0,22.5,11.2,16.3
2013/11/2,0,21.1,13.6,17.6
2013/11/3,14.5,20,17,18.2
2013/11/4,0,21.8,11.9,17.2
2013/11/5,0,20.6,10.2,14.5
2013/11/6,0,22.2,10.4,16.2
2013/11/7,6,21.6,12.5,17.3
2013/11/8,0,21.6,11.8,15.5
2013/11/9,0,21,10.8,16
2013/11/10,2,23,15.8,19.2
2013/11/11,0,16.4,8.6,13.3
2013/11/12,0,15.3,6.9,10.9
2013/11/13,0,15.8,7.4,11
2013/11/14,0,19.5,6.7,13.4
2013/11/15,10,19.5,11,14.9
2013/11/16,0,17.9,8.9,12.5
2013/11/17,1,17.8,8.9,13.1
2013/11/18,3,13.7,7.1,10.9
2013/11/19,3.5,10.7,5.8,8.1
2013/11/20,2,12.3,7.7,10.2
2013/11/21,0,14,6.6,10.4
2013/11/22,0,15.1,5.9,10.3
2013/11/23,0,15,5.3,9.6
2013/11/24,0,16.9,7.6,11.9
2013/11/25,17,17.8,12,14.7
2013/11/26,0,13.8,7.2,10.9
2013/11/27,4,16.4,6.7,11.7
2013/11/28,1,11.8,4.5,7.4
2013/11/29,0,10.7,4,7.5
2013/11/30,0,13.1,2.3,7.9
2013/12/1,4,12.1,6.3,8.6
2013/12/2,0,15.2,5.7,9.5
2013/12/3,0,14.3,7,9.5
2013/12/4,0,14,6.2,9.6
2013/12/5,0,14.9,4.8,9.3
2013/12/6,0,15.9,7.2,11
2013/12/7,0,13.3,4.9,8.7
2013/12/8,0,14.6,4.6,8.7
2013/12/9,12.5,15.3,4.8,10
2013/12/10,12.5,12.9,5.9,9.4
2013/12/11,2.5,10.2,5.6,8.1
2013/12/12,0,9.7,2.6,6
2013/12/13,1.5,12.1,3.6,8.5
2013/12/14,0,9.8,3.3,7
2013/12/15,0,11.7,3,7.7
2013/12/16,0,10.7,2.8,7
2013/12/17,0.5,10.3,5.5,7.9
2013/12/18,12.5,7,5.6,6.3
2013/12/19,0.5,12,6.1,8
2013/12/20,3.5,7.3,2.5,5.4
2013/12/21,0.5,9.4,2.5,4.9
2013/12/22,0,10.1,0.7,5.4
2013/12/23,0,10.8,3.9,7
2013/12/24,0,11.4,4.4,7.9
2013/12/25,0,10.9,0.4,5.7
2013/12/26,11,8.2,4.7,6.9
2013/12/27,2,8.6,3.1,6.2
2013/12/28,0,6.3,1.4,3.9
2013/12/29,0,7.1,0,3.4
2013/12/30,0,9.8,0.8,6.3
2013/12/31,0,12.4,7.4,9.9
2014/1/1,0,12.9,9,10.9
2014/1/2,0,13.6,4.2,8.8
2014/1/3,0,13.7,2.7,7.8
2014/1/4,0,13.6,4.7,8.7
2014/1/5,0,11.3,3.9,6.8
2014/1/6,0,11.2,2.2,6.1
2014/1/7,0,12,1.9,6.9
2014/1/8,19,11.3,6.6,8.4
2014/1/9,0.5,10,3.1,6.6
2014/1/10,1.5,6.5,0.5,2.9
2014/1/11,0,8.8,0.6,3.9
2014/1/12,0,8.9,0,3.9
2014/1/13,0,8.9,0.7,4.7
2014/1/14,0,8.8,1.1,4.3
2014/1/15,0,9.8,-0.3,4.4
2014/1/16,0,10.7,0.6,5
2014/1/17,0,10.2,2.1,5.7
2014/1/18,0.5,8.9,2.3,5.3
2014/1/19,0,8.1,0.6,3.9
2014/1/20,3,13.5,-0.2,6.8
2014/1/21,0.5,8.3,2.4,5.4
2014/1/22,0,8.1,0.4,3.9
2014/1/23,0,9.9,0.5,4.6
2014/1/24,0,12.2,1.1,6.5
2014/1/25,3,16.6,4.3,10.2
2014/1/26,0,13.4,2.4,9
2014/1/27,0,9.2,-1.1,3.6
2014/1/28,0,12.5,0.9,6.9
2014/1/29,0,13.7,2.8,8.1
2014/1/30,5.5,14,7.2,10.7
2014/1/31,0,15.4,6,11.3
2014/2/1,0,16.3,4,10.2
2014/2/2,4,19.3,10.5,14
2014/2/3,0,14.5,9.3,12.1
2014/2/4,0,10.6,3.6,7
2014/2/5,0,6.9,1,3.7
2014/2/6,2,4.1,0.4,2
2014/2/7,5.5,4.6,1.7,3.1
2014/2/8,16.5,7.8,0.9,3.7
2014/2/9,0,10.7,-0.2,4.9
2014/2/10,2.5,5.9,2.4,3.9
2014/2/11,0,6.2,1,2.8
2014/2/12,0,8.9,-1.8,3.5
2014/2/13,0,8.2,0.5,4.5
2014/2/14,3,7,1.1,4.2
2014/2/15,1.5,10.1,3,5.9
2014/2/16,0,11.2,0.6,5.5
2014/2/17,6,11.5,2.2,6.7
2014/2/18,4.5,5.8,3.3,4.3
2014/2/19,0,8.2,2.5,4.6
2014/2/20,0,10.5,-0.1,4.8
2014/2/21,0,11.3,0.3,5.4
2014/2/22,0,12.4,0.9,6.3
2014/2/23,0,13.5,1.7,7.3
2014/2/24,0,12.6,1.9,6.9
2014/2/25,0,15,2.7,8.3
2014/2/26,4,12.8,4.2,8.8
2014/2/27,5,14.9,8.7,11.4
2014/2/28,0,16.8,7.8,12.2
2014/3/1,3.5,12.6,9.4,10.8
2014/3/2,2,14.9,7.3,10.4
2014/3/3,0,12.3,5.1,7.9
2014/3/4,2,13.4,1.4,7.9
2014/3/5,9.5,12.1,5.1,8.2
2014/3/6,0,8.7,1.8,5.2
2014/3/7,0,8.7,-0.6,4.1
2014/3/8,0,10.3,-0.8,4.7
2014/3/9,1,10.8,1.9,6.8
2014/3/10,0,9.5,0.7,4.7
2014/3/11,0,12.5,0,6.4
2014/3/12,0.5,17.7,3.8,11
2014/3/13,49,15.6,6.9,11.4
2014/3/14,0,10.6,3.4,6.8
2014/3/15,0,11.9,0.9,6.8
2014/3/16,0,16.9,5.9,11.5
2014/3/17,0,18.8,7.1,12.9
2014/3/18,0.5,19.8,11.2,15.9
2014/3/19,0,18.9,10.3,14.4
2014/3/20,9.5,13.5,8.5,10.6
2014/3/21,1,11.5,3.4,7.6
2014/3/22,0,12.9,1.7,7.1
2014/3/23,0,15.9,4.3,10.3
2014/3/24,0,19.4,6.3,12.9
2014/3/25,3,20.3,10,15.1
2014/3/26,16.5,18.6,13.2,15.6
2014/3/27,0,20.9,11.4,15.9
2014/3/28,0,20.9,8.4,14.8
2014/3/29,10,20.9,12.7,15.4
2014/3/30,30.5,18.6,12,14.3
2014/3/31,0,17,8.4,12.4
2014/4/1,0,20.1,7,13.2
2014/4/2,0,20.6,8.6,14.8
2014/4/3,8,19.8,10.7,14.6
2014/4/4,4,14.2,5,10.9
2014/4/5,20,11,3.3,7.1
2014/4/6,4.5,11.2,3.8,7.7
2014/4/7,0,14.4,3,9.2
2014/4/8,0,18.3,6.8,12.9
2014/4/9,0,20.4,8.4,14.3
2014/4/10,0,19.1,9.7,14.7
2014/4/11,0,17.2,8.7,13.3
2014/4/12,0,15,11.7,13.1
2014/4/13,26.5,13,10.3,11.8
2014/4/14,0,21,7.7,13.9
2014/4/15,0,20.6,6.5,14
2014/4/16,0,21.9,11.3,16.5
2014/4/17,1.5,23.4,11.8,17.5
2014/4/18,20,17.1,13.1,14.7
2014/4/19,0,21,10.7,15.6
2014/4/20,1,16.3,11,13.1
2014/4/21,0,20.2,12.5,15.6
2014/4/22,0,17.8,10.8,14.4
2014/4/23,0,20.9,8.6,14.5
2014/4/24,0,23.3,9.3,15.9
2014/4/25,0,23,10,16.8
2014/4/26,0,23.1,12.5,17.4
2014/4/27,0,23.8,13.4,18.2
2014/4/28,1,21.8,15.6,18
2014/4/29,2.5,25.3,15.4,19
2014/4/30,0,21.7,15.3,17.8
2014/5/1,0,21.4,15.5,18.1
2014/5/2,0,23.7,13.7,18.6
2014/5/3,0,21.6,12.3,17.7
2014/5/4,1,24.8,10,17.6
2014/5/5,17,17.3,11.3,14.6
2014/5/6,0,20.4,8.1,14.1
2014/5/7,0,21.7,8,15.3
2014/5/8,0,26,12.6,19.7
2014/5/9,0,23.4,15.1,19.4
2014/5/10,0,26.4,11,18.5
2014/5/11,0,25.5,13.6,20.1
2014/5/12,32,21.8,16.2,19.3
2014/5/13,0,24.4,13.9,19
2014/5/14,7,21.5,14.5,17.3
2014/5/15,2.5,19.6,14.7,16.4
2014/5/16,0,24.1,13.7,18.6
2014/5/17,0,25.9,14,19.9
2014/5/18,0,25.7,14.5,19.9
2014/5/19,0,26.1,15.5,19.9
2014/5/20,21.5,23,15.9,18.3
2014/5/21,2,24.4,16.1,19.5
2014/5/22,0,24.2,15,19.9
2014/5/23,0,28.1,15.3,20.3
2014/5/24,0,26.7,15.3,21.5
2014/5/25,0,26.6,18.6,22.6
2014/5/26,12.5,24.1,18,20.5
2014/5/27,0,25,15.2,19.7
2014/5/28,0,28.4,14.7,21.8
2014/5/29,0,28.6,17.6,23.3
2014/5/30,0,28.8,19.2,23.7
2014/5/31,0,29.6,18.5,24
2014/6/1,0,29.9,18.8,24.6
2014/6/2,0,27.5,20.9,23.7
2014/6/3,0,26.7,21,23.4
2014/6/4,65.5,22.7,18.3,20
2014/6/5,24.5,24.8,18.3,20
2014/6/6,0.5,23.8,18.4,20.4
2014/6/7,0,26.8,19.9,22.4
2014/6/8,0,27.5,20.6,23.3
2014/6/9,0,29.2,21,24.4
2014/6/10,0,28.2,21.8,24.2
2014/6/11,2.5,26.2,20.8,22.4
2014/6/12,17,25.7,18.3,21.4
2014/6/13,0.5,25.8,18.5,21.7
2014/6/14,0,26.1,18.6,22.4
2014/6/15,0,26.6,19.2,22.8
2014/6/16,0,26.3,19.7,22.4
2014/6/17,10.5,23,18.2,20
2014/6/18,18.5,21.4,17.8,19.2
2014/6/19,0,27.5,16.5,22
2014/6/20,0,27.8,19.7,23.6
2014/6/21,34.5,28,20.2,22.5
2014/6/22,30,22.6,19.6,20.8
2014/6/23,0,27.2,18.7,22.3
2014/6/24,0,27.2,19.9,22.9
2014/6/25,0,27.9,19.7,23.7
2014/6/26,0.5,27.8,20.3,23.2
2014/6/27,0.5,25,20.1,22.5
2014/6/28,0,25.5,21.3,23.3
2014/6/29,0,27.9,21.5,24.4
2014/6/30,0,29.1,20.4,24.2
2014/7/1,0,28.5,20.1,24.2
2014/7/2,0,27.7,20.8,23.9
2014/7/3,51,24.8,20.5,22.2
2014/7/4,0,26.5,21.6,23.7
2014/7/5,0,25.9,20.9,23.3
2014/7/6,19.5,25,21.1,22
2014/7/7,27,29.7,21.3,23.8
2014/7/8,36,31.2,23.1,27
2014/7/9,3,31.7,24.4,26.9
2014/7/10,19,30.9,23.4,25.2
2014/7/11,0,29.9,22.7,26.2
2014/7/12,1.5,32.4,20.6,25.6
2014/7/13,4,32.5,20.8,26.6
2014/7/14,15,27.9,23.6,25.2
2014/7/15,1,31.4,23,26.7
2014/7/16,0.5,33.3,24.3,27.2
2014/7/17,0,32.3,23.4,27.5
2014/7/18,0,31.6,24.2,27.3
2014/7/19,0,31.8,24.7,27
2014/7/20,0,31.4,23.7,27.1
2014/7/21,0,31.5,23.9,27.4
2014/7/22,0.5,32.3,25,28.3
2014/7/23,0,34.2,25.5,29.5
2014/7/24,0,34.3,27.2,30.2
2014/7/25,0,36.4,27.1,31
2014/7/26,0,36.8,26.8,30.8
2014/7/27,0,30.6,24.3,28.1
2014/7/28,0,31.9,23.4,26.6
2014/7/29,0,33.3,23.5,28.1
2014/7/30,0,35.7,25.2,29.6
2014/7/31,0,35.2,25.7,29.2
2014/8/1,76,31.8,24.7,27.3
2014/8/2,23,30.5,24.8,26.5
2014/8/3,22,29.6,24.3,26.7
2014/8/4,0.5,34.1,25.8,29.7
2014/8/5,17,32.1,25,28.3
2014/8/6,36.5,28.3,24.6,26.1
2014/8/7,0,31.5,23.4,27.6
2014/8/8,30.5,26.9,22.9,25
2014/8/9,21.5,27,22.7,25.2
2014/8/10,7,27.5,23.1,25.1
2014/8/11,0,30.2,22.8,25.7
2014/8/12,0,30.1,23.4,25.8
2014/8/13,0,31,22.9,26.5
2014/8/14,2,31.9,25.2,27.7
2014/8/15,0,31.1,26.9,28.7
2014/8/16,3.5,29.7,25.4,26.5
2014/8/17,0,31.1,24.6,27
2014/8/18,1,33.9,24.7,27.8
2014/8/19,0,35,25.6,29.6
2014/8/20,0,32.5,25.7,28.6
2014/8/21,0,35.3,25.1,29.9
2014/8/22,8.5,29,23.1,25.9
2014/8/23,1.5,31.1,23.7,27.1
2014/8/24,0,30.6,25.1,27.4
2014/8/25,0,32.8,24.8,28.3
2014/8/26,7.5,31.4,25,27.8
2014/8/27,0,30.2,24.4,26.8
2014/8/28,0.5,27.2,23.2,25.2
2014/8/29,9.5,24.4,19.9,22.3
2014/8/30,0,29.1,19.4,24.1
2014/8/31,0,30,22.3,25.6
2014/9/1,6,27.9,22.8,24.5
2014/9/2,0,30,21.9,25.6
2014/9/3,2.5,32.9,23.9,27.4
2014/9/4,9,30.3,24.1,25.5
2014/9/5,0,29.9,24,26.3
2014/9/6,1.5,31.4,23.5,26.1
2014/9/7,0,30.3,22.8,25.7
2014/9/8,0,32.1,21.3,25.7
2014/9/9,0,29.7,19.4,24.3
2014/9/10,0,29.8,20.3,24.8
2014/9/11,0,29.9,20.4,24.7
2014/9/12,0,28.2,20.1,23.5
2014/9/13,0,28.6,19.2,23.6
2014/9/14,0,30.2,17.6,23.2
2014/9/15,0,27.4,19.1,23.2
2014/9/16,0,30,20.9,24.5
2014/9/17,0,29.1,20.4,23.8
2014/9/18,0,26.3,20,23
2014/9/19,0,22.8,17.9,20.6
2014/9/20,5,21.5,15.8,18
2014/9/21,0,27.4,15.6,21.3
2014/9/22,8.5,28.2,19.1,22.6
2014/9/23,0,29,17.9,23
2014/9/24,0.5,30,21.8,25.3
2014/9/25,0,29.3,21.1,25.2
2014/9/26,0,28.1,18.4,23.2
2014/9/27,0,28.4,20.8,23.8
2014/9/28,0,30.4,19.5,24
2014/9/29,0,28.9,17.8,22.7
2014/9/30,0,26.4,18.8,22.6
2014/10/1,0,26.1,21.1,23.4
2014/10/2,7.5,26.9,20.8,23.1
2014/10/3,7,26.6,20.3,22.8
2014/10/4,0,24.7,17.5,21.4
2014/10/5,27.5,21.9,19.9,20.9
2014/10/6,6,23.7,15.9,19.9
2014/10/7,0,24.2,12.9,18.1
2014/10/8,0,26.4,13.9,19.8
2014/10/9,0,27.2,18.1,21.8
2014/10/10,0,29,17.7,23.2
2014/10/11,0,25.5,19.2,22
2014/10/12,0,26,19.3,22.7
2014/10/13,68.5,22.6,18.1,20.4
2014/10/14,0,21,13.9,17.7
2014/10/15,0,21.7,12.6,16.2
2014/10/16,0,21.6,11.8,16.7
2014/10/17,0,22.5,12.7,17.2
2014/10/18,0,23.1,11.2,16.3
2014/10/19,0,23.8,11.4,17.6
2014/10/20,0,23.7,17,19.9
2014/10/21,12.5,27.2,17.4,21.8
2014/10/22,24,22,16.6,18.9
2014/10/23,0,21.8,13.5,17.1
2014/10/24,0,23.1,12.2,17.1
2014/10/25,0,24.3,15.3,19.1
2014/10/26,0,25,15.4,20.1
2014/10/27,6.5,23.4,12.7,18.5
2014/10/28,0,20,9,13.9
2014/10/29,0,20.9,9.6,14.8
2014/10/30,0,22.4,12.4,17.3
2014/10/31,0,22.6,15.8,18.6
2014/11/1,12,22.6,17.6,19.5
2014/11/2,5.5,21,16.2,19
2014/11/3,0,17,10.4,14.2
2014/11/4,0,19.6,7.3,13
2014/11/5,0,21.3,8,14.5
2014/11/6,0,20.3,13.2,16.7
2014/11/7,0,21.2,10.8,15.5
2014/11/8,0,19.7,11.9,15.9
2014/11/9,18,16.2,13.4,14.8
2014/11/10,0,20.2,11.9,15
2014/11/11,0,19.2,10.7,15.2
2014/11/12,1.5,18.5,13.9,16.1
2014/11/13,0,14.8,9,11.4
2014/11/14,0,13,7.4,10.3
2014/11/15,0,15.6,6.3,10.2
2014/11/16,0,16.8,7.1,11.5
2014/11/17,3,17,8.5,11.4
2014/11/18,0,16.3,6.2,10.5
2014/11/19,0,17.2,5.6,10.3
2014/11/20,0,17.7,7.3,11.5
2014/11/21,0,19.6,7.1,13.3
2014/11/22,0,20,11.1,14.9
2014/11/23,0,20.5,10.3,14.3
2014/11/24,0,20.6,9.9,15.2
2014/11/25,18,18.4,13.2,15.3
2014/11/26,0,17.8,10.7,14
2014/11/27,0,18.2,8.4,12.4
2014/11/28,0.5,19,10.1,14.6
2014/11/29,0,20.2,11.2,16.3
2014/11/30,15.5,18.2,9.2,13
2014/12/1,7.5,17.1,7.5,13.3
2014/12/2,0,8.8,6.2,6.8
2014/12/3,2,11,5.5,8
2014/12/4,19,11.3,6.7,8.4
2014/12/5,0,8.3,5,6.4
2014/12/6,0,8.3,4.1,5.6
2014/12/7,0,9.9,2.1,5.1
2014/12/8,0,9.9,2.1,6.1
2014/12/9,0,13.1,2.8,7.1
2014/12/10,0.5,15.5,3.6,9.5
2014/12/11,15.5,12.6,7.7,10.9
2014/12/12,0,10.4,3.2,6.9
2014/12/13,0,9.3,2.2,5.8
2014/12/14,0,7.8,1.9,4.7
2014/12/15,0,10.3,1,5.6
2014/12/16,18.5,10.5,3.6,6.7
2014/12/17,0,4.3,1.6,2.5
2014/12/18,0,5.5,1.4,2.5
2014/12/19,0,9.8,-0.7,4.7
2014/12/20,24,10.3,5.7,7.7
2014/12/21,0,8.1,2.1,4.7
2014/12/22,0,7.9,3.2,5.4
2014/12/23,0,10.8,3.3,7.1
2014/12/24,0.5,12,4.1,8.2
2014/12/25,0,10.8,3.4,8
2014/12/26,0,10.6,1.7,5.7
2014/12/27,0,11,0.9,5.1
2014/12/28,0.5,8.2,2.4,6.1
2014/12/29,0,11.3,4.3,7.5
2014/12/30,0,13,4.6,9
2014/12/31,1,14.5,2.9,7.8
2015/1/1,0,5.5,0.4,2.5
2015/1/2,0,7.3,0.7,3.5
2015/1/3,0,8.1,0.2,3.6
2015/1/4,0,11.6,2.2,6.9
2015/1/5,0,14,4.9,9.2
2015/1/6,9.5,14.3,8.1,11.7
2015/1/7,0,11.2,5.4,7.3
2015/1/8,0,9.3,4.4,6.2
2015/1/9,0,9.8,2.2,6.3
2015/1/10,0,9.5,4.4,7.1
2015/1/11,0,10.9,4,8.3
2015/1/12,0,8.8,2.5,5.7
2015/1/13,0,11.7,0.3,5.9
2015/1/14,1.5,10.8,4.2,7.6
2015/1/15,28,10.5,5.7,7.8
2015/1/16,0,11,3.7,7.8
2015/1/17,0,9.3,2.5,6.6
2015/1/18,0,9.4,0,4.4
2015/1/19,0.5,11.2,3.9,7.8
2015/1/20,0,12.6,1.8,6.3
2015/1/21,11.5,12.6,3.6,7.8
2015/1/22,3,11.3,7.1,8.7
2015/1/23,0,9.8,2.7,7.2
2015/1/24,0,11.5,0.7,5.9
2015/1/25,0,12.5,3.2,7.7
2015/1/26,23,10.2,6.8,8.8
2015/1/27,0,13.8,7.4,10.4
2015/1/28,0,7.9,2.3,5.7
2015/1/29,1,8.3,0.5,4.5
2015/1/30,13,7.3,1.6,4.9
2015/1/31,0,7.8,2.2,4.8
2015/2/1,0,7.7,-0.7,3.4
2015/2/2,0,9.5,-0.7,4.1
2015/2/3,0,10.5,0.2,4.9
2015/2/4,2,8.4,0.7,5
2015/2/5,1,8.5,4,6
2015/2/6,0,9.6,1.5,5
2015/2/7,0,10.8,2,6.4
2015/2/8,0.5,8.9,0.2,5.6
2015/2/9,0,4.5,0,1.5
2015/2/10,0,8.7,2.5,6
2015/2/11,0,11.4,4.8,7.9
2015/2/12,0,11.3,4,8.1
2015/2/13,0,8.9,0.6,5.1
2015/2/14,0,9.9,-0.6,5.1
2015/2/15,0,12.3,2.1,7.2
2015/2/16,3,11.3,5.8,8.1
2015/2/17,1.5,12.6,6.8,9
2015/2/18,0,11.5,3.7,7.4
2015/2/19,1,10,2.7,5.9
2015/2/20,0,12.3,1.2,6.3
2015/2/21,5.5,13,1.6,7.4
2015/2/22,0.5,12.6,8.1,10.5
2015/2/23,0,12.5,6.2,9.9
2015/2/24,0,12.1,4.5,7.8
2015/2/25,0,13.5,4.7,8.7
2015/2/26,18,9.9,7.7,8.8
2015/2/27,0,10,3.2,6.9
2015/2/28,0,12.8,1,7.2
2015/3/1,10,9.5,4.1,6.7
2015/3/2,0,11.9,2.2,6.2
2015/3/3,32,8.8,3.3,6.3
2015/3/4,0,10.7,5.1,8.2
2015/3/5,0,11.5,2.2,6.8
2015/3/6,0.5,8,5.3,6.4
2015/3/7,11,7.8,5.7,6.8
2015/3/8,0,14.7,5.6,9.8
2015/3/9,34.5,9.4,4.8,7.7
2015/3/10,0.5,9.3,-0.8,2.9
2015/3/11,0,8.8,-0.2,5.7
2015/3/12,0,10.9,2.3,7.8
2015/3/13,0,14.3,1.4,7.6
2015/3/14,3.5,14.9,7,9.7
2015/3/15,3,11.1,7.2,9.2
2015/3/16,0,14.5,8.2,10.4
2015/3/17,0,20.1,6.5,12.9
2015/3/18,36.5,16.2,11.2,13.6
2015/3/19,41.5,19.2,12.3,14.5
2015/3/20,0,17.9,9.9,13.1
2015/3/21,0,18.2,9.5,13.1
2015/3/22,0,17,8.2,12.5
2015/3/23,0,14.6,5.9,10
2015/3/24,0,12.5,4.2,8
2015/3/25,0,13.8,1.5,7.2
2015/3/26,0,14.6,2.4,8.4
2015/3/27,0,17.3,4.2,11
2015/3/28,0,20.5,8.9,14.9
2015/3/29,1,20.5,11.5,15.2
2015/3/30,0,20.9,9.1,14.8
2015/3/31,0,20.9,11.8,16.6
2015/4/1,1,21,14.5,17.6
2015/4/2,0,23,11.8,17.7
2015/4/3,45.5,25.5,14.7,19.7
2015/4/4,3,19.9,15.2,17.3
2015/4/5,16,21.3,16.1,18.6
2015/4/6,4,18.8,13.2,16.6
2015/4/7,6,14.5,8.6,12
2015/4/8,9.5,14.5,6.4,9.8
2015/4/9,2,15.4,8.7,11.8
2015/4/10,14,13.1,10.2,11.7
2015/4/11,0,20.1,10.5,14.5
2015/4/12,2.5,18.5,8,13.9
2015/4/13,8,19,11.8,15.1
2015/4/14,5,18.3,8.6,13.2
2015/4/15,1.5,15.5,9.2,12.5
2015/4/16,0,22.5,9.9,17.6
2015/4/17,0,19.4,10.1,15.1
2015/4/18,0,21,7.8,15.1
2015/4/19,6,22.2,14.3,17.5
2015/4/20,13,18.8,13.7,16.3
2015/4/21,0,20.4,10.6,14.7
2015/4/22,0,22,8.7,15
2015/4/23,0,22.8,10,16.3
2015/4/24,0,21.5,11.8,16.8
2015/4/25,0,21.7,12.2,16.7
2015/4/26,0,24.7,11.3,18
2015/4/27,0,24.5,14,19.6
2015/4/28,0,24.2,15.2,19.7
2015/4/29,0,25.7,16.7,20
2015/4/30,0.5,21,15.6,18.2
2015/5/1,0,25.8,13.7,19.7
2015/5/2,0,26.9,15.4,20.5
2015/5/3,5.5,22,15.7,18.6
2015/5/4,0,22.2,16.3,19
2015/5/5,0,24.4,14.5,19
2015/5/6,0,24.3,12.3,18.8
2015/5/7,21.5,20.9,14.4,17.7
2015/5/8,0,24.3,13.9,19.4
2015/5/9,4,20.4,15.1,17.6
2015/5/10,0,24.8,13.2,18.8
2015/5/11,0,23.1,14.2,19.5
2015/5/12,36,24.6,11.4,17.4
2015/5/13,0,26.7,11,19.6
2015/5/14,0.5,24.8,14.6,19.8
2015/5/15,1.5,27.7,16.7,21.7
2015/5/16,13,22.3,16.4,19.5
2015/5/17,0,24.9,14.2,19.2
2015/5/18,26,24.6,15.9,18.9
2015/5/19,4,26.2,17.7,20.8
2015/5/20,0,25,15.6,20.2
2015/5/21,0,22.3,11.9,17.5
2015/5/22,0,26,14.8,20.4
2015/5/23,0,24.8,18.3,20.6
2015/5/24,0,24.9,17,20.2
2015/5/25,0,27,15.8,21.8
2015/5/26,0,28.4,17.3,22.9
2015/5/27,0,29.3,17.7,23.9
2015/5/28,0,27.7,18.8,22.8
2015/5/29,0,29.5,18.6,23.2
2015/5/30,5.5,29,20,22.7
2015/5/31,3,28.4,19.3,23.2
2015/6/1,0,29,19.3,24
2015/6/2,20.5,29.1,20.8,23.9
2015/6/3,80.5,23.2,15.7,21
2015/6/4,0,26.5,14,20.1
2015/6/5,15.5,18.7,14.8,16.9
2015/6/6,0,25.2,14.8,19.3
2015/6/7,0,24.1,15.5,20.3
2015/6/8,15,21.5,18,19.5
2015/6/9,23,21.2,18.6,19.9
2015/6/10,0,25.1,17.1,21.1
2015/6/11,50.5,21.7,19.4,20.5
2015/6/12,1,30.5,19.7,25.1
2015/6/13,0,28.3,20,22.9
2015/6/14,0,24.6,19.8,21.8
2015/6/15,0,27.9,19.1,23.1
2015/6/16,4.5,22.6,20.2,21.4
2015/6/17,0.5,26,18.4,21.6
2015/6/18,11,23.3,19.8,21.4
2015/6/19,1,21.9,19.5,20.4
2015/6/20,0,26.8,18.9,22.4
2015/6/21,0,27.5,20.4,23.1
2015/6/22,0,24.8,19.7,22.1
2015/6/23,0,28.3,19.2,23.7
2015/6/24,0,28.3,21.4,24.4
2015/6/25,0,28.6,22,24.7
2015/6/26,8.5,29.4,21.7,24.7
2015/6/27,2,23.4,19.2,21.2
2015/6/28,0,28.8,17.5,22.6
2015/6/29,0,27.8,17.8,23.1
2015/6/30,25.5,27.6,19.4,22
2015/7/1,29,26,20.1,23.3
2015/7/2,0,27.4,20.9,23.5
2015/7/3,0,27.3,19.9,23.1
2015/7/4,20,22.9,19,21
2015/7/5,1,23.9,18.8,20.9
2015/7/6,1,24.8,20,21.6
2015/7/7,16.5,25.9,20.4,22.7
2015/7/8,5,30.1,21.9,24.7
2015/7/9,51.5,31.4,22.9,26.1
2015/7/10,0,33.7,24.5,28.3
2015/7/11,0,32.9,24.7,27.8
2015/7/12,1,32.7,25.3,28.4
2015/7/13,0,33,29,30.4
2015/7/14,0,32,25,28
2015/7/15,0,34.2,22.9,28.5
2015/7/16,20.5,30.1,24.4,26.7
2015/7/17,45,25.1,20.6,21.7
2015/7/18,0,29.1,20.6,24.6
2015/7/19,2,31.4,23.3,27.3
2015/7/20,1,31.7,24.9,27.2
2015/7/21,9.5,29.9,24.6,26.7
2015/7/22,15.5,27.4,24.2,25.4
2015/7/23,4.5,30.3,23.2,26.5
2015/7/24,0,32,23.7,27.7
2015/7/25,0,31.9,23.3,27.7
2015/7/26,0,35.2,23.5,29.3
2015/7/27,11,30.7,24.4,27.8
2015/7/28,0,32.7,25.6,28.6
2015/7/29,0,33.3,26.9,29.5
2015/7/30,0,33.7,26.1,29.6
2015/7/31,0,33.9,25.4,29.2
2015/8/1,0,33.8,24.9,29.5
2015/8/2,0,33.8,25.8,29.5
2015/8/3,0,33.7,25.7,29.4
2015/8/4,0,34.3,24.9,29.3
2015/8/5,0,34.1,24.7,29.3
2015/8/6,0,34.6,25.1,29.2
2015/8/7,0,33.8,25.8,29.3
2015/8/8,13.5,33.9,25.4,28.7
2015/8/9,0,33.5,24.8,28.9
2015/8/10,0,33.6,25.1,29
2015/8/11,0,33,25.5,28.6
2015/8/12,8,26.8,23.4,25
2015/8/13,5.5,28.4,23.9,26
2015/8/14,0,30.4,23.4,26.1
2015/8/15,0,32,22.5,27.1
2015/8/16,0,32.7,23.9,27.6
2015/8/17,23,27.9,22.9,25.2
2015/8/18,0,32.5,21.5,26.1
2015/8/19,31,27.8,23.5,25
2015/8/20,39.5,31.3,24,26.8
2015/8/21,0,34.3,24.7,28.7
2015/8/22,0.5,31,24.9,27.4
2015/8/23,0,33.1,23.1,27
2015/8/24,0,31.2,23.2,26.6
2015/8/25,24,32.4,22.1,27.5
2015/8/26,0,28,22.1,24.1
2015/8/27,0,29.6,20.7,24.8
2015/8/28,0,29,21.4,25.1
2015/8/29,16,28.4,22.4,24.4
2015/8/30,3,26.6,22.7,24
2015/8/31,29.5,26.9,22.1,24.1
2015/9/1,53.5,29.1,22.3,24.2
2015/9/2,0.5,27.1,21.8,24
2015/9/3,0.5,27.6,21.9,23.7
2015/9/4,0,28.8,21.2,24.5
2015/9/5,0,27.9,20.4,24.2
2015/9/6,6,26.7,21.1,22.8
2015/9/7,0,27.1,21.7,23.9
2015/9/8,0,27,21.2,24.1
2015/9/9,2.5,23.6,21.3,22.3
2015/9/10,0,28.1,19.6,23
2015/9/11,0,27.1,17.1,21.7
2015/9/12,0,28.1,18.5,22.7
2015/9/13,0,27.4,19.9,23
2015/9/14,0,27.4,17.6,21.9
2015/9/15,0,27.2,18.6,22.4
2015/9/16,11.5,24.3,19.8,21.2
2015/9/17,30,27.3,19.3,22.4
2015/9/18,0,28.7,19.8,23.7
2015/9/19,0,27.9,16.4,22.1
2015/9/20,0,28.2,17.3,22.1
2015/9/21,0,27,18.6,22.1
2015/9/22,0,27.8,17.8,22.9
2015/9/23,4.5,27.5,18.9,23
2015/9/24,44,27.7,18.9,22.4
2015/9/25,0,28.3,21.8,24
2015/9/26,0,29.2,22.1,24.9
2015/9/27,0,29.2,19.9,24.5
2015/9/28,0,31,18.3,23.6
2015/9/29,0,28.9,19.4,23.6
2015/9/30,0,24.5,17.3,21.1
2015/10/1,38.5,28.5,17.9,22.6
2015/10/2,10.5,25.6,16.4,21.7
2015/10/3,0,24.2,14.5,19.1
2015/10/4,0,26.4,15.4,20.3
2015/10/5,0,20.4,14,18.1
2015/10/6,0,24.2,12.3,17.9
2015/10/7,0,25.7,13,18.8
2015/10/8,0,24.4,13.4,18.2
2015/10/9,0,24.6,14.2,18.8
2015/10/10,0,21.5,15.2,18
2015/10/11,0,21,13.6,18.1
2015/10/12,0,21,13.1,17.5
2015/10/13,0,21.6,13.2,17.1
2015/10/14,0,23.4,11.5,17
2015/10/15,0,24.1,12.3,17.6
2015/10/16,0,24.7,13.5,18.2
2015/10/17,0,25.7,13,18.6
2015/10/18,0,25.3,14,18.9
2015/10/19,0,25.4,13.7,19.1
2015/10/20,0,26.2,14.7,19.6
2015/10/21,0,26.2,14.6,19.6
2015/10/22,0,26.5,13.3,19.2
2015/10/23,0,24.7,14.4,19
2015/10/24,0,24.6,15,19.3
2015/10/25,0,21.2,12.7,17.6
2015/10/26,0,21.8,9.6,15.4
2015/10/27,2,26.3,13,19.8
2015/10/28,0,20.1,12.3,17.1
2015/10/29,0,20.5,10.4,15.2
2015/10/30,0,21.2,13,16.3
2015/10/31,0,18.9,9.4,14.1
2015/11/1,4,16.4,8.8,13
2015/11/2,19,18.5,11.9,14.2
2015/11/3,0,21,10.4,14.6
2015/11/4,0,22.1,10.1,15.4
2015/11/5,0,19.6,12.9,16.6
2015/11/6,0,24,15.4,18.8
2015/11/7,3,24.2,16.6,19.5
2015/11/8,0,26.4,17.7,21.3
2015/11/9,8.5,21,18.2,19.5
2015/11/10,0,21.3,14.5,17.9
2015/11/11,0,20.2,12.1,15.7
2015/11/12,0,21.5,12.9,16.4
2015/11/13,19,16.1,14.5,15.3
2015/11/14,7.5,20.7,15.7,18
2015/11/15,0,22.6,13.6,18.2
2015/11/16,0,21.7,11.5,16.5
2015/11/17,17.5,19.9,16.8,18.3
2015/11/18,23.5,18.1,16.1,17.1
2015/11/19,0,18,12.5,15.6
2015/11/20,0,20.5,11.2,15.2
2015/11/21,0,20.7,11.4,15.7
2015/11/22,0,21.1,13.8,16.8
2015/11/23,0.5,20.4,16,17.6
2015/11/24,4,18.2,12.1,15.7
2015/11/25,0,14.8,11,12.3
2015/11/26,0.5,12.9,6.8,10.6
2015/11/27,0,12.2,6.6,8.9
2015/11/28,0,12.9,7.4,10.3
2015/11/29,0,12.9,5.6,9.5
2015/11/30,0,17.1,6.6,11.4
2015/12/1,0,17.5,8.3,12
2015/12/2,12,17.9,6.9,12.4
2015/12/3,15,14.4,7.4,11.1
2015/12/4,0,12.5,7.6,9.9
2015/12/5,0,13.4,9,10.7
2015/12/6,0,14,8.3,10.8
2015/12/7,0,16.7,6.8,10.7
2015/12/8,0,15.7,5.7,9.6
2015/12/9,0,16.9,4.9,10.6
2015/12/10,37,14.5,11,12.7
2015/12/11,30.5,17.7,11.5,15.1
2015/12/12,0,14.3,8,11.4
2015/12/13,0,14.9,7.1,10.8
2015/12/14,0,17.8,7.3,11.8
2015/12/15,4,14.5,11.2,13.1
2015/12/16,0,13.9,7.5,10.9
2015/12/17,0,8.8,3,6.3
2015/12/18,0,11.2,1.3,6
2015/12/19,0,13.2,3.4,7.4
2015/12/20,1,13.6,3,8.2
2015/12/21,15,14.9,8.8,11
2015/12/22,0,16.1,7.5,11
2015/12/23,17.5,12,8.5,10.3
2015/12/24,0.5,16.6,8,11.7
2015/12/25,0.5,14.6,5.4,10.7
2015/12/26,0,12.5,3.9,8.4
2015/12/27,0,13.6,6.1,9.4
2015/12/28,0,11.8,4.3,8.2
2015/12/29,0,9.6,2.6,5.3
2015/12/30,0,11.6,1.8,5.6
2015/12/31,0,10.1,4,6.5
2016/1/1,0,12.1,2.3,6.3
2016/1/2,0,15.3,3.7,9.9
2016/1/3,0,17,9.7,12.3
2016/1/4,0,15.7,7.7,11.5
2016/1/5,0,12.4,6.9,9.2
2016/1/6,0,11.3,6.5,8.8
2016/1/7,0,11.9,6.2,8.8
2016/1/8,0,9.2,6.6,8
2016/1/9,0,10.2,2.6,6.7
2016/1/10,0,11.8,3.6,6.8
2016/1/11,0,11.6,3.8,7.7
2016/1/12,1,11.8,4.6,7.6
2016/1/13,1,7.2,2.1,5.1
2016/1/14,0,9.2,2.2,5.5
2016/1/15,0,9.1,1.6,4.5
2016/1/16,0,11.6,0.1,5.2
2016/1/17,2,9.3,2.4,6.3
2016/1/18,8,11.4,1.6,7.3
2016/1/19,0,3.3,1,2.4
2016/1/20,0,6.3,1,3.4
2016/1/21,0,8,0.3,4.5
2016/1/22,0,10.5,3.3,6.2
2016/1/23,0,9.5,2.7,4.6
2016/1/24,0,2.8,-2.4,-0.7
2016/1/25,0.5,5.8,-1,1.9
2016/1/26,3.5,7.8,1.5,4.4
2016/1/27,0,10.1,4.5,7.5
2016/1/28,2.5,11.1,4.2,8
2016/1/29,33,10.8,8.7,9.7
2016/1/30,6,10.7,5.1,8.9
2016/1/31,0,12.5,3.1,7.5
2016/2/1,0,10,5.5,7.2
2016/2/2,0,9.5,2.7,6
2016/2/3,0,10.6,1.4,5.5
2016/2/4,0,9.8,2,5.8
2016/2/5,0,10.9,2.8,6.1
2016/2/6,0,9.5,2.3,5.2
2016/2/7,0,9.6,1.2,4.4
2016/2/8,0,9.8,-0.1,5.5
2016/2/9,0,12.4,3.8,9.2
2016/2/10,0,13.2,1.5,6.3
2016/2/11,0,13.9,1.7,7.7
2016/2/12,0,17.2,5.2,11.7
2016/2/13,55.5,15.1,11.5,13.1
2016/2/14,5.5,18.8,8.1,12.6
2016/2/15,0,8.2,2.8,5.3
2016/2/16,0.5,6.9,2.4,4.5
2016/2/17,0,9.8,2.1,6.2
2016/2/18,0,11.4,0.2,5.6
2016/2/19,0,14.4,3.8,9.6
2016/2/20,29.5,9.9,7.3,8.4
2016/2/21,0,10.6,3.9,7.2
2016/2/22,0,10.5,1.5,6.3
2016/2/23,0.5,9.5,5.1,6.9
2016/2/24,0,10.4,3.2,6.6
2016/2/25,0,8.5,1.6,5.1
2016/2/26,0,9.8,-0.8,4.6
2016/2/27,0.5,15.4,2.8,8.4
2016/2/28,0,16.6,5.4,11.1
2016/2/29,1,15.5,1.9,7.5
2016/3/1,0,7.4,0.5,3.7
2016/3/2,0,11.2,1,6
2016/3/3,0,15.4,3,9.1
2016/3/4,0,17.7,7.5,11.4
2016/3/5,0,21.9,7.8,15.2
2016/3/6,0,21.5,14,16.9
2016/3/7,0,21.6,11.6,16.1
2016/3/8,0,17.2,11.2,14.1
2016/3/9,46.5,14.1,8.2,10.4
2016/3/10,0,13.2,7.3,9
2016/3/11,0.5,12.8,5.9,8.1
2016/3/12,0,11.9,3.5,7.3
2016/3/13,6,12.1,3.5,7.6
2016/3/14,5,12,6,7.8
2016/3/15,0,14.2,3.4,8.3
2016/3/16,0,16,5.7,10.5
2016/3/17,0,19.3,6.8,13.2
2016/3/18,15.5,15.8,10.8,12.6
2016/3/19,0.5,15.1,10.7,13.3
2016/3/20,0,16.8,7.4,11.2
2016/3/21,0,15.9,5.1,9.7
2016/3/22,0,16.6,4.4,10.4
2016/3/23,0,17.6,7.4,12.7
2016/3/24,0,15.1,6.1,10.5
2016/3/25,0,13.7,4.2,8.6
2016/3/26,0,15.2,2.8,9
2016/3/27,1,13.6,6,9.6
2016/3/28,0,15.1,6.5,10.6
2016/3/29,0,16.9,6.3,12.2
2016/3/30,0,19.8,9.9,15.3
2016/3/31,3,20,11.7,15.1
2016/4/1,15.5,16.6,12.3,14.4
2016/4/2,0,22.4,10.6,16.1
2016/4/3,11,20.7,14.2,16.1
2016/4/4,24,19.9,13.3,15.9
2016/4/5,0.5,18,11.7,14.2
2016/4/6,1.5,20.2,9.4,15.1
2016/4/7,41,24.4,12.1,17.4
2016/4/8,0,17.5,12.5,15
2016/4/9,0,20.7,11.6,16
2016/4/10,0,20.3,13,16.1
2016/4/11,0,18.7,9.4,14.7
2016/4/12,0,17.7,6.2,12.2
2016/4/13,15,21.2,10.2,15.1
2016/4/14,0,22.4,13.7,17.1
2016/4/15,0,23.3,11.6,16.9
2016/4/16,0,22.7,10.7,17.7
2016/4/17,1,23.1,15.3,19.7
2016/4/18,0,17.3,11,14.4
2016/4/19,0,19.6,9,14.4
2016/4/20,0,21.8,9.5,16.2
2016/4/21,41.5,19.6,14.2,15.9
2016/4/22,0,23,15.7,18.9
2016/4/23,1.5,23.6,14.4,17.4
2016/4/24,0,18.8,13.2,15.8
2016/4/25,0,21.1,11.3,16.2
2016/4/26,0,25.1,12.3,19
2016/4/27,5.5,19.8,16.8,18.1
2016/4/28,2.5,19.3,12.9,16.2
2016/4/29,0,19.2,8.9,14.2
2016/4/30,0,22.8,9.1,16.6
2016/5/1,0,25.7,14.2,19.7
2016/5/2,0,25.8,15,20
2016/5/3,10.5,23.7,16.1,19.9
2016/5/4,0,25.2,12.7,20.2
2016/5/5,0,24.8,15.3,20.6
2016/5/6,9,20.4,15.7,17.1
2016/5/7,0,23.9,15.5,19
2016/5/8,0,26.5,14,19.9
2016/5/9,17,19,15.4,16.9
2016/5/10,18,25.1,16,19.8
2016/5/11,0,24.6,13.5,16.9
2016/5/12,0,24.7,11,17.7
2016/5/13,0,26.5,14.4,20.3
2016/5/14,0,26.4,15,20.8
2016/5/15,0,27.7,17.9,22.7
2016/5/16,37,26.8,13.6,19.7
2016/5/17,0,22.8,10.5,16.8
2016/5/18,0,26.2,12.2,19.4
2016/5/19,0,26,14.6,20.4
2016/5/20,0,26.6,16.2,21.3
2016/5/21,0,26.2,15.8,21
2016/5/22,0,26.7,16.3,21.5
2016/5/23,0,28.5,16.5,22.3
2016/5/24,0,27.1,17.3,22.9
2016/5/25,9,23.4,18.6,20.2
2016/5/26,0,26.2,18.8,22.7
2016/5/27,0,27.1,20.6,23.2
2016/5/28,4.5,21.8,18.7,20.1
2016/5/29,10,21.7,18.6,19.5
2016/5/30,2.5,28,18.7,22
2016/5/31,0,28.9,17.5,23.5
2016/6/1,0,27.5,18.5,22.5
2016/6/2,0,26.9,14.7,20.5
2016/6/3,0,26.9,14.5,21
2016/6/4,24.5,22.6,17.6,19.2
2016/6/5,0,22.4,18.2,20
2016/6/6,0,25.9,19.1,22.3
2016/6/7,5,25.9,19.1,21.6
2016/6/8,0,27.8,19.1,23.2
2016/6/9,0,27.4,20.5,23.3
2016/6/10,0,29.5,19.6,24.4
2016/6/11,0,30,21.5,25.3
2016/6/12,18.5,25.1,21,23.2
2016/6/13,5,25.5,20.2,22
2016/6/14,0,29,19.2,24.1
2016/6/15,0,30.1,21.3,26.1
2016/6/16,7,25.5,21.6,23.1
2016/6/17,0,26.6,20.2,23.1
2016/6/18,0,29.9,18.6,24.3
2016/6/19,39.5,29.4,21.6,24.6
2016/6/20,26.5,25.6,22.2,23.7
2016/6/21,59,28.7,21.4,24.4
2016/6/22,57,25,22.1,23.4
2016/6/23,19,28,23.4,25.3
2016/6/24,18,30.8,22.9,26.8
2016/6/25,3,26.4,18.6,22.6
2016/6/26,0,27.5,18.7,22.9
2016/6/27,32,27.5,18.7,21.3
2016/6/28,24.5,22.7,19.1,20.7
2016/6/29,54,25.8,20.5,22.5
2016/6/30,1.5,26.3,22.4,24.2
2016/7/1,0,32.9,21.4,26.3
2016/7/2,0,35,25.8,30.6
2016/7/3,5,34.3,26.5,29.9
2016/7/4,0,33.9,25.8,29.5
2016/7/5,0,33.5,25.5,28.9
2016/7/6,0,32.4,25.3,28.8
2016/7/7,0,31.7,24.4,27.9
2016/7/8,52,26.7,22.5,23.8
2016/7/9,15.5,30.2,22.1,25.1
2016/7/10,2.5,30.9,24.5,26.8
2016/7/11,1,29.8,25,26.7
2016/7/12,0,34,26.2,30
2016/7/13,36,29.5,25.1,27.2
2016/7/14,4.5,30.8,24.6,27.3
2016/7/15,0,29.1,23,25.7
2016/7/16,0,29.5,20.8,25.4
2016/7/17,1,29.7,23.7,26.3
2016/7/18,0,32.7,23.4,27.3
2016/7/19,0,32.7,23.1,27.8
2016/7/20,0,33.1,24.4,28.4
2016/7/21,0,32.8,24.1,27.9
2016/7/22,0,31.2,23.3,27
2016/7/23,0,33,23.7,28.2
2016/7/24,0,32.7,23.9,27.9
2016/7/25,0,32.6,25.6,27.9
2016/7/26,0,31.9,25.1,28.3
2016/7/27,0,32.8,24.8,28.5
2016/7/28,0,33.7,24.6,28.8
2016/7/29,0,33.4,24.6,28.8
2016/7/30,0,33.4,25.2,28.9
2016/7/31,0,33.9,25.4,29.2
2016/8/1,0,34.3,25.4,29.3
2016/8/2,0,34.4,25.4,29
2016/8/3,0,34.5,25,28.7
2016/8/4,0,33.7,24.8,29
2016/8/5,0,34,25.3,29.2
2016/8/6,0,34.4,25.9,29.3
2016/8/7,0,34.6,25.7,29.4
2016/8/8,0,34.2,25.2,29.5
2016/8/9,0,36.2,25.1,29.9
2016/8/10,0,35.2,25.8,29.6
2016/8/11,0,35.2,24.4,29.5
2016/8/12,0,35,24.3,29.6
2016/8/13,0,34.9,25.5,30
2016/8/14,0,35.7,26.1,30.3
2016/8/15,1.5,34.6,26.8,29.8
2016/8/16,0,33.9,26.6,29.2
2016/8/17,0,34.2,26.9,29.6
2016/8/18,0,34.8,27,30.4
2016/8/19,0,34.8,26.5,30.2
2016/8/20,0,36.1,26.4,30.6
2016/8/21,0,36,27.1,30.7
2016/8/22,0,35.9,26.2,30.5
2016/8/23,0,36.4,25.8,30.5
2016/8/24,2.5,35,26.9,29.1
2016/8/25,0,33.7,25.9,29
2016/8/26,0,34.2,24.7,29.3
2016/8/27,0,32.3,25.6,28.1
2016/8/28,1,30.7,24.7,27.2
2016/8/29,17,25.9,21.4,24
2016/8/30,0.5,27.2,19.3,23.9
2016/8/31,0,30.8,23.3,26.7
2016/9/1,0,31,21.2,25.8
2016/9/2,0,32.6,21.3,26.3
2016/9/3,0,34,22.8,27.7
2016/9/4,10.5,32.6,24.3,27.3
2016/9/5,23.5,32.3,22.9,26.7
2016/9/6,0,33.3,24.1,27.8
2016/9/7,2,32.6,25.1,27.7
2016/9/8,11,27.4,23,24.9
2016/9/9,0,30.2,21.5,25.1
2016/9/10,0,30.8,20.7,25.6
2016/9/11,0,31.8,22.7,26.6
2016/9/12,8.5,29.5,24.6,26
2016/9/13,21,27.5,22.2,24.7
2016/9/14,15.5,25.1,23,24
2016/9/15,5.5,28,22.8,25.1
2016/9/16,0,30.8,23.8,26.8
2016/9/17,0,32,24.1,27.7
2016/9/18,10.5,28.7,24.9,26
2016/9/19,20.5,26.2,21.9,24.4
2016/9/20,54,24.2,20.6,21.7
2016/9/21,0,26,19.7,22.6
2016/9/22,26,23.9,20.8,21.8
2016/9/23,0,26.8,20.7,23
2016/9/24,0,30.3,20.6,24.6
2016/9/25,6,27.7,21.6,24
2016/9/26,3,31,22.7,25.4
2016/9/27,47.5,31.7,21.9,26.3
2016/9/28,3,29.2,24.3,25.9
2016/9/29,18.5,27.4,21.1,23.9
2016/9/30,14.5,23.6,21.2,22.2
2016/10/1,0,29.7,22.1,25.1
2016/10/2,0,30.9,23.8,26.5
2016/10/3,0,28.6,24.2,26
2016/10/4,0,28.6,23.7,25.8
2016/10/5,1,32.1,22.8,26.8
2016/10/6,0,29,20.6,24.5
2016/10/7,0,28.5,19.2,23
2016/10/8,11.5,29.5,20.8,23.8
2016/10/9,15.5,25,17.5,21.2
2016/10/10,0,24.4,15,19.2
2016/10/11,0,23.7,16.2,19.5
2016/10/12,0,25.3,16.4,19.9
2016/10/13,0,21.5,16.3,18.5
2016/10/14,0,23.6,13.9,18.1
2016/10/15,0,25.9,11.9,18.8
2016/10/16,0.5,26.2,16.9,21.3
2016/10/17,14.5,27.8,19.4,22.7
2016/10/18,0,29,21.2,24
2016/10/19,0,25.8,20.8,22.8
2016/10/20,0,25.8,20.1,22.2
2016/10/21,0,22.6,17.4,20.2
2016/10/22,8,19.1,16.9,18.1
2016/10/23,0.5,21.9,16.9,18.9
2016/10/24,0,23,14.1,17.8
2016/10/25,0,26.6,13.6,19.4
2016/10/26,6.5,24.7,18.7,21.6
2016/10/27,0,23.7,16,19.7
2016/10/28,10.5,19.5,17.1,18.3
2016/10/29,0.5,21.8,14.8,18.1
2016/10/30,0,21.1,12.1,15.7
2016/10/31,13.5,20.4,11.5,15.5
2016/11/1,3,19.2,9.5,14.2
2016/11/2,0,18.9,8.7,13.4
2016/11/3,0,17.2,9.3,13.1
2016/11/4,0,18.6,8.1,12.7
2016/11/5,0,19.9,9.8,14.6
2016/11/6,0,20.9,10.7,15.1
2016/11/7,0,19,7.8,12.9
2016/11/8,0.5,18.4,11.5,15.1
2016/11/9,0,16.4,7.8,12.1
2016/11/10,3.5,13.6,7.3,10.7
2016/11/11,2,19.1,9.1,13.6
2016/11/12,0,20.1,9.4,14.3
2016/11/13,0,21.2,11.7,16
2016/11/14,4,19.5,15.2,17
2016/11/15,0,20.8,13.7,17.4
2016/11/16,0,18,8.9,12.8
2016/11/17,0,20,7.8,13
2016/11/18,5.5,18,10.2,14.4
2016/11/19,12.5,22.1,14.9,18.5
2016/11/20,0,21.5,15.1,18.4
2016/11/21,0,18.7,13.9,16.2
2016/11/22,0,20.3,12.6,16.6
2016/11/23,0,16.8,10.9,13.8
2016/11/24,0,14.3,10.4,11.6
2016/11/25,0,14.3,6.7,10.5
2016/11/26,3.5,14.8,5,10.4
2016/11/27,25,12.8,11,12
2016/11/28,0,13.5,8.3,11.3
2016/11/29,0,15.6,5.5,10.4
2016/11/30,0,14.3,8.3,11.8
2016/12/1,2.5,16.1,10.6,13.9
2016/12/2,0,16,7.7,10.9
2016/12/3,0,16.8,6.3,10.6
2016/12/4,24,14.4,7.7,11.1
2016/12/5,0,16.7,9.3,13.2
2016/12/6,0,15.7,6.9,12.3
2016/12/7,0,13.2,4.3,9.1
2016/12/8,0,14.7,6.2,9.7
2016/12/9,2.5,16.5,6.9,11.9
2016/12/10,0,13.8,5,9
2016/12/11,0,13.6,5.2,8.6
2016/12/12,2,13.3,4.6,9.1
2016/12/13,24.5,11.9,9.6,10.9
2016/12/14,2,11,6,9.1
2016/12/15,1,9.9,4.2,7
2016/12/16,0,9.4,2.8,6.2
2016/12/17,0,11.6,2.5,7
2016/12/18,0,13.1,3.4,7.3
2016/12/19,0,16.3,3.5,9.7
2016/12/20,0.5,15.3,9.5,11.8
2016/12/21,0,15.8,7.6,12
2016/12/22,6.5,21.9,12.6,17.3
2016/12/23,1.5,13.3,8.7,10.5
2016/12/24,0,11.8,5.1,8.6
2016/12/25,0,14.8,5.3,9.5
2016/12/26,15,16.2,8.1,10.7
2016/12/27,17.5,18.5,6.7,12.3
2016/12/28,0,8.7,3,5.2
2016/12/29,0.5,8.3,2.5,5.5
2016/12/30,0,10.8,1.8,5.5
2016/12/31,0,12.3,2.9,6.7
2017/1/1,0,12.4,3.3,7.2
2017/1/2,0,14.2,3.3,8.4
2017/1/3,0,14.7,5.7,9.3
2017/1/4,0,14,4.5,8.9
2017/1/5,0,11.4,4.4,7.8
2017/1/6,0,12.6,4.4,7.5
2017/1/7,0,12.5,3.1,7.9
2017/1/8,35,9.7,7.5,8.6
2017/1/9,0,13,6.4,9.1
2017/1/10,0,12.8,4.7,8.1
2017/1/11,0,9.9,3.1,6
2017/1/12,0,9.4,2.5,6.8
2017/1/13,0,9.3,6,7.5
2017/1/14,0,6.7,0.8,3.9
2017/1/15,0.5,4.7,-0.1,2.4
2017/1/16,0,7.7,-0.2,3.2
2017/1/17,0,10.6,-0.3,4.6
2017/1/18,0,12.3,0.5,6.3
2017/1/19,0,11.9,4.5,7.7
2017/1/20,4,9,3.9,6
2017/1/21,0,9.4,0.6,5.5
2017/1/22,5,7.7,2.2,5.3
2017/1/23,0,5.1,2.1,3.1
2017/1/24,0,7.3,0,3.8
2017/1/25,0,9.1,0.4,4
2017/1/26,0,10.4,0,4.5
2017/1/27,0,14,2.5,8.3
2017/1/28,0,12.8,3.1,7.5
2017/1/29,4,13.9,4.4,8.7
2017/1/30,4,14.1,6,10.1
2017/1/31,0,9.9,2.1,5.5
2017/2/1,0,10.1,1.7,6.2
2017/2/2,0,10,1.4,5.8
2017/2/3,0,12.7,2.2,6.8
2017/2/4,0,14.6,3.2,8.2
2017/2/5,25.5,12.5,6.8,10
2017/2/6,0,11.2,4,8
2017/2/7,0,10.4,2,5.8
2017/2/8,0,9.7,0.7,5.4
2017/2/9,10,9.1,3.6,5.9
2017/2/10,0,5.8,1.4,3
2017/2/11,0,6.1,-0.6,2.9
2017/2/12,0,9.3,-0.3,3.8
2017/2/13,0,10.5,0.4,5.1
2017/2/14,0.5,10.7,1.9,5.3
2017/2/15,0,11.1,0.3,5.2
2017/2/16,0,16.1,2.5,8.9
2017/2/17,1,16.6,7.7,13.7
2017/2/18,0,12.7,6,10.1
2017/2/19,0,11,2.6,7.4
2017/2/20,3,17.6,6.1,11.8
2017/2/21,0,10.4,3.3,6.2
2017/2/22,5,15.1,1.1,7
2017/2/23,22,15.2,7.3,10.3
2017/2/24,0,10.5,2.7,6.4
2017/2/25,0,10.2,1.1,5.8
2017/2/26,0,12.2,3.7,7.8
2017/2/27,0,12.8,3,7.6
2017/2/28,0,12.8,1.6,6.7
2017/3/1,0,13.4,2.6,7.8
2017/3/2,4,11.7,6.3,8.1
2017/3/3,0,13.9,3.1,7.7
2017/3/4,0,15.6,5,9.7
2017/3/5,0,14.6,5.1,9.9
2017/3/6,0,14.1,5.2,9.7
2017/3/7,0,10.1,4.2,6.5
2017/3/8,0.5,8.9,3.6,5.5
2017/3/9,0,11.2,4,7.6
2017/3/10,0,13.8,5.6,10.5
2017/3/11,0,15.1,2,8.5
2017/3/12,0,16.1,3.9,10
2017/3/13,0,12.5,9.3,10.5
2017/3/14,0,14.7,7.3,10.6
2017/3/15,0,12.1,4.8,7.8
2017/3/16,0,14,2.8,8.2
2017/3/17,0,16,3.9,9.1
2017/3/18,0,15.3,4.5,9.7
2017/3/19,0,18.4,5.1,11
2017/3/20,8.5,18,6.3,11.1
2017/3/21,8,13.4,8.1,10.1
2017/3/22,0,13.9,4.2,8.9
2017/3/23,0,12.8,6.7,9.3
2017/3/24,0,14.5,4.5,9.5
2017/3/25,1,10.6,6.5,7.8
2017/3/26,4.5,13.8,6.4,9.4
2017/3/27,4,11.5,6.5,8.7
2017/3/28,0,14.1,5.1,9.1
2017/3/29,1,15.3,7,11
2017/3/30,1.5,20.1,10.1,14.1
2017/3/31,28,13.7,5.5,8.8
2017/4/1,0,14.9,5.1,9.2
2017/4/2,1,13.6,4.8,8.4
2017/4/3,0,16.2,4.3,10.7
2017/4/4,0,20.8,6.7,13.7
2017/4/5,0,20.2,11.6,16.2
2017/4/6,11,21.7,13.5,17.6
2017/4/7,23.5,18.9,15.2,16.9
2017/4/8,4.5,20.3,15.1,17.4
2017/4/9,0.5,19.3,13.7,16.7
2017/4/10,9.5,14,10.2,11.9
2017/4/11,2.5,15.4,10.7,13.2
2017/4/12,0,18.3,9.7,13.7
2017/4/13,0,19,7.4,13.7
2017/4/14,0,23.8,10.1,17.5
2017/4/15,7,25.4,15.9,19.4
2017/4/16,0,25.1,14.7,19.7
2017/4/17,45.5,22.3,17,19.4
2017/4/18,0,21,14.8,17.6
2017/4/19,0.5,19.5,11.9,16.3
2017/4/20,0,19,9.7,14.3
2017/4/21,0,19.4,12.9,15.8
2017/4/22,0,23.3,13.1,17.2
2017/4/23,0,22.1,8.7,15.1
2017/4/24,0,22.4,9.9,16.8
2017/4/25,0,24.5,13.6,19.1
2017/4/26,15.5,19.4,14,15.8
2017/4/27,0,19.2,11.9,15.2
2017/4/28,0,20.8,9.1,15.2
2017/4/29,0,21.9,12.4,17.2
2017/4/30,0,27,12.6,20.2
2017/5/1,0,23.4,14.8,19.3
2017/5/2,0,24.9,13.2,18.9
2017/5/3,0,25.5,15.4,19.9
2017/5/4,0,25,16.2,20.8
2017/5/5,0,26.3,17.8,21.6
2017/5/6,5.5,22.9,17.2,20.1
2017/5/7,0,24.9,14.8,19.4
2017/5/8,0,25.4,13.9,20.1
2017/5/9,13.5,19.9,14.8,17.3
2017/5/10,0,21.6,14.6,17.6
2017/5/11,0,26.6,14.8,21.3
2017/5/12,17.5,25.1,16.2,20.1
2017/5/13,9,21.5,15.5,18
2017/5/14,0,26.5,15.8,20.5
2017/5/15,0,22.3,14.4,18.5
2017/5/16,0,20.1,13.1,16.8
2017/5/17,0,22.9,14.2,18.2
2017/5/18,0,24.7,13.2,18.8
2017/5/19,0,27.2,14.5,21.4
2017/5/20,0,27.7,16.5,22.3
2017/5/21,0,26.4,17.8,21.3
2017/5/22,0,27.8,15.5,21.7
2017/5/23,0,27.3,16.5,21.8
2017/5/24,25,21.2,18.8,20
2017/5/25,23,25.4,18.1,20.6
2017/5/26,0,24.3,15.6,20
2017/5/27,0,25.8,12.5,18.6
2017/5/28,0,26.1,14,20.2
2017/5/29,0,28,17.2,23.2
2017/5/30,0,30.2,18.7,24.2
2017/5/31,0,27,19.8,22.6
2017/6/1,0,27.9,18.1,23.2
2017/6/2,0,26.4,17.9,22.3
2017/6/3,0,26.9,14.1,20.5
2017/6/4,0,26.7,15.3,21.1
2017/6/5,0,29.5,15.1,21.3
2017/6/6,0,26.7,17.2,21.9
2017/6/7,38,20.9,18.3,19.1
2017/6/8,0,24,17.6,20.5
2017/6/9,0,26.6,16.1,21.2
2017/6/10,0,27.5,16.8,23
2017/6/11,1,25.2,19.1,21.5
2017/6/12,0,25.6,17,20.9
2017/6/13,0,25.4,15.8,20.2
2017/6/14,0,26.7,15,21.1
2017/6/15,0,29,16.7,23.1
2017/6/16,0,27.2,18.5,23.2
2017/6/17,0,28,18.9,23.2
2017/6/18,0,29.1,19.8,24
2017/6/19,0,30.2,19.9,25.2
2017/6/20,14.5,28.4,19.9,23.7
2017/6/21,11,26.1,20,21.8
2017/6/22,0,26.2,19.5,22
2017/6/23,0,29,18.4,23.2
2017/6/24,52.5,27.1,21.1,22.9
2017/6/25,16.5,25.1,20.6,22.7
2017/6/26,1,26.2,21.4,23.2
2017/6/27,3,28,21,23.4
2017/6/28,20,26.9,20.9,23.2
2017/6/29,7.5,27.9,22.1,24.6
2017/6/30,9,32.1,22.8,27.2
2017/7/1,0,33,25.2,28.9
2017/7/2,0,34.6,25.5,29.2
2017/7/3,0,34.6,25.6,29.8
2017/7/4,21.5,30.2,24.2,27.1
2017/7/5,15.5,29.8,23.2,25.5
2017/7/6,2,28.6,23.4,25.2
2017/7/7,19.5,27.3,22.9,24.7
2017/7/8,1,30.3,23.8,26.6
2017/7/9,0,30.9,24.8,27.8
2017/7/10,0,33.4,25.4,28.7
2017/7/11,0,35,26.6,29.5
2017/7/12,13,31.7,24.6,27.7
2017/7/13,0,32,24.7,28.3
2017/7/14,0,32.3,24,27.8
2017/7/15,0,32.3,24,28.2
2017/7/16,0,33.3,24.8,28.8
2017/7/17,0,32.6,26,29.4
2017/7/18,11,31.1,23.9,27.4
2017/7/19,0.5,32.1,25,27.9
2017/7/20,0.5,33.3,24.9,28.3
2017/7/21,0,34.2,25,29.4
2017/7/22,0,34,25.6,29.5
2017/7/23,0,32.9,26.3,29.4
2017/7/24,0,33.2,26.9,29.6
2017/7/25,0,34,27.5,29.8
2017/7/26,34,33.9,26,29.3
2017/7/27,0,33.7,27,29.9
2017/7/28,0,34.4,27.4,30.1
2017/7/29,0,33.6,26.7,29.8
2017/7/30,0,34.3,27.1,30.5
2017/7/31,0,34.8,27.1,30.2
2017/8/1,0,34.6,26.5,30.1
2017/8/2,0,36.9,26.8,30.6
2017/8/3,0,34.2,25.6,29.9
2017/8/4,0,36.5,27.5,31.3
2017/8/5,0.5,37.2,27.4,30.7
2017/8/6,2,33.7,27.1,29.2
2017/8/7,56,28.8,24.6,26.5
2017/8/8,0,32.9,25.4,28.9
2017/8/9,1,31.7,26,28.5
2017/8/10,0,34.8,26.5,30.2
2017/8/11,0.5,32,25.7,28.6
2017/8/12,0,33.6,24.1,28.3
2017/8/13,0,32.4,24.3,27.9
2017/8/14,0,30.8,24,26.9
2017/8/15,14.5,30.2,24.9,27.4
2017/8/16,0,30.6,25.8,27.7
2017/8/17,0.5,34.2,25.2,28.8
2017/8/18,0,32,25.5,28.1
2017/8/19,0,33,24.3,28.2
2017/8/20,0,33.1,23.9,28.5
2017/8/21,0.5,33.6,24.3,28.4
2017/8/22,0,34.6,26.2,30
2017/8/23,0,34.6,27.2,30.5
2017/8/24,0,35.1,26.4,30.5
2017/8/25,0,34.6,27.7,30.4
2017/8/26,29,29.1,23,25.6
2017/8/27,0,32.8,21.6,27.2
2017/8/28,0,32.7,25.1,28.3
2017/8/29,0,33.2,24.8,28.6
2017/8/30,0,33.2,26.1,28.5
2017/8/31,0,32.6,24.4,28
2017/9/1,0,30.5,21.8,26
2017/9/2,0,31.1,19.9,25
2017/9/3,0,32,20.9,25.4
2017/9/4,0,27.4,22.1,24.6
2017/9/5,8.5,26.3,21.1,23.5
2017/9/6,0.5,29.5,22.8,25.9
2017/9/7,16,29.1,23.9,25.9
2017/9/8,0,30.9,21.1,25.2
2017/9/9,0,30.8,20,24.7
2017/9/10,0,32.2,20.6,25.8
2017/9/11,0.5,30,22.1,26.8
2017/9/12,53.5,29.6,22.9,25.7
2017/9/13,0,28.6,21.9,24.5
2017/9/14,0,29,20.2,24.2
2017/9/15,0,24.5,22.1,23.2
2017/9/16,7,23.4,20,21.3
2017/9/17,187.5,25,21.1,22.3
2017/9/18,0,27.4,20.1,23.1
2017/9/19,0,27.4,19,23.2
2017/9/20,0,28,21.5,24
2017/9/21,0,26.9,20.4,22.9
2017/9/22,6,22.2,19.9,21
2017/9/23,0,25.6,20,22.3
2017/9/24,0,25.5,18.1,21.4
2017/9/25,0,28.1,17.6,22.3
2017/9/26,0,29.7,18.7,23.9
2017/9/27,4,26.7,22.2,23.6
2017/9/28,4.5,26.7,16.7,22.5
2017/9/29,0,25.6,15.1,20.1
2017/9/30,0,26.9,16.6,20.7
2017/10/1,0,25.3,13.9,20.2
2017/10/2,15.5,23.6,19,21.3
2017/10/3,0.5,28.1,20.4,23.7
2017/10/4,0,24,16.3,20.4
2017/10/5,9.5,24.5,16.8,20
2017/10/6,16,21.6,17.4,19.2
2017/10/7,0,25,18.9,21.2
2017/10/8,0,27.9,18.2,22.7
2017/10/9,0,28.3,19.1,23.2
2017/10/10,0,28.3,19.5,23.2
2017/10/11,0,28.4,19.4,23.3
2017/10/12,1,27.1,21,23.4
2017/10/13,2,22.5,18.6,20.3
2017/10/14,1,22.4,17.5,19.9
2017/10/15,30.5,18.6,16.6,17.3
2017/10/16,20.5,17.3,15.9,16.6
2017/10/17,15,17.8,14.1,16.1
2017/10/18,10.5,20.4,13.8,16.5
2017/10/19,19.5,18.5,14,16.3
2017/10/20,7,20.2,15.6,17.8
2017/10/21,37,19.5,16.1,17.3
2017/10/22,81,19.7,16.9,18.2
2017/10/23,0,20,14,16.8
2017/10/24,0,20,11.3,15.4
2017/10/25,0,20.1,9.9,14.4
2017/10/26,0,22.3,10.4,15.8
2017/10/27,0,24.5,12.4,18.4
2017/10/28,26,19.8,16.7,18
2017/10/29,78,19.5,15.2,17.8
2017/10/30,0,18.2,9,14.5
2017/10/31,0,18.9,7.6,12.5
2017/11/1,0,21,8.9,14.6
2017/11/2,0,22.3,12,16.8
2017/11/3,0,21.6,13.4,17.1
2017/11/4,0,19.2,10,15.1
2017/11/5,0,18.3,7,11.9
2017/11/6,0,20.8,9.1,14.3
2017/11/7,0,22,11.9,17
2017/11/8,8.5,19.3,15.1,17.2
2017/11/9,0,20.1,11.3,15.3
2017/11/10,0,21.7,8.8,15.5
2017/11/11,4.5,21.7,9.9,15.6
2017/11/12,0,17.8,7.6,12
2017/11/13,0,20.3,7.6,14
2017/11/14,8.5,18.6,11.4,14.7
2017/11/15,0,15.6,9.6,12.3
2017/11/16,0,13.8,6.3,11
2017/11/17,0.5,13.3,5.5,9.8
2017/11/18,3,15.3,9.6,11.6
2017/11/19,0,12.1,6,8.7
2017/11/20,1,11.3,5.5,7.3
2017/11/21,0,14.8,4.3,8.8
2017/11/22,15.5,11.3,5.9,9.4
2017/11/23,0,13.1,5.1,10.1
2017/11/24,0,11.6,4.8,9.5
2017/11/25,0,12.4,7.1,9.8
2017/11/26,1,13.5,7.4,10.9
2017/11/27,0,17.3,7,11.7
2017/11/28,0,18.9,8,13
2017/11/29,8,15.2,11.8,13.8
2017/11/30,0,16.1,9.1,12.9
2017/12/1,0,11,5.6,8.5
2017/12/2,0,12.4,2.7,7.1
2017/12/3,0,14.8,5.8,9.6
2017/12/4,0.5,11.9,4.9,8.6
2017/12/5,0,10.1,2.6,6.4
2017/12/6,0,9.6,1.5,5.1
2017/12/7,0,13.4,3.5,8.4
2017/12/8,8,9.2,4.1,6.9
2017/12/9,0,10.9,3.2,7.1
2017/12/10,3.5,14.2,5.3,9.9
2017/12/11,0,12,4.4,8.3
2017/12/12,0,5,2.1,3.5
2017/12/13,0,7.6,0.6,4
2017/12/14,0,10.2,0.2,5.3
2017/12/15,0,12.2,2.8,7.2
2017/12/16,0,10.3,4.8,8.1
2017/12/17,0,6.3,1.8,3.9
2017/12/18,0,9.1,0.7,4.7
2017/12/19,0,11.8,3,7.1
2017/12/20,0,9.7,1.2,4.8
2017/12/21,0,11.1,1.6,5.5
2017/12/22,0,11.7,3.2,7.2
2017/12/23,0,12.1,4.8,8
2017/12/24,14.5,13.7,4.8,9.9
2017/12/25,0,11.8,3,7.9
2017/12/26,0,9.1,1.8,6.3
2017/12/27,0,7.7,1.3,4.9
2017/12/28,0,9.5,0,4.4
2017/12/29,0,9.9,3.3,6.5
2017/12/30,0,11.9,4.2,7.3
2017/12/31,2,10.9,3.5,7.5
2018/1/1,0,9.2,2.1,5
2018/1/2,0,10,1,4.9
2018/1/3,0,9.2,2,6
2018/1/4,0,9.4,0,4.5
2018/1/5,1.5,7.7,3.6,5.1
2018/1/6,0.5,10,4.2,7.3
2018/1/7,0,10.2,2.1,6.1
2018/1/8,25.5,11.2,6,8.4
2018/1/9,1,11.3,3.6,6.7
2018/1/10,6,6.1,2.5,4.2
2018/1/11,0,3.8,0.6,1.8
2018/1/12,0,4.5,-0.7,1.4
2018/1/13,0,6.5,-2,2.3
2018/1/14,0,8.1,-0.4,3.4
2018/1/15,0,10.2,0.5,5.7
2018/1/16,2.5,15.6,3.2,10.3
2018/1/17,17,14.4,9,12.3
2018/1/18,0,14.1,5.6,9.7
2018/1/19,0,14.4,5.6,9.1
2018/1/20,0,13.2,4.4,7.7
2018/1/21,0,12.2,3.1,7.2
2018/1/22,8.5,6.9,2,4.5
2018/1/23,0,9.3,2,5.5
2018/1/24,0,2.7,-1.2,0.5
2018/1/25,0,4.2,-2.1,0.9
2018/1/26,0,4.7,0,1.9
2018/1/27,0,7.5,-2.3,2.2
2018/1/28,0.5,6.2,0.8,3.7
2018/1/29,0,5.9,-0.7,2.8
2018/1/30,0,5.2,-1,1.7
2018/1/31,0,8.3,-1.3,3.3
2018/2/1,4,4.8,0.6,2.6
2018/2/2,0,8.9,-0.6,4
2018/2/3,0.5,8,3.4,5.1
2018/2/4,0,3.7,0.2,1.7
2018/2/5,0,3.1,-0.9,0.8
2018/2/6,0,3.4,-0.9,0.9
2018/2/7,0,4.3,-2,1
2018/2/8,0,7.2,-2.4,1.9
2018/2/9,0,12.1,-1.7,4.8
2018/2/10,14,8,5.7,6.8
2018/2/11,0,6.4,2,3.9
2018/2/12,0,5.4,1.2,2.8
2018/2/13,0,6.7,0.5,3.5
2018/2/14,0,13.2,-0.8,6.6
2018/2/15,2,11.3,4.5,8.1
2018/2/16,0,9.4,2.5,6.3
2018/2/17,0,11.3,2.6,6.9
2018/2/18,0,9.8,0.2,4.9
2018/2/19,0,9.1,4.3,6.8
2018/2/20,0,14.8,1.8,7.7
2018/2/21,0,12.7,5.9,8.5
2018/2/22,0,10.7,2.3,6.2
2018/2/23,0,11.2,2.1,6.3
2018/2/24,0,14.4,2.2,8.2
2018/2/25,3.5,12.8,6.7,8.6
2018/2/26,0,15.1,4.1,8.6
2018/2/27,0,15.3,3.2,8.8
2018/2/28,2.5,18.9,4.5,11.5
2018/3/1,9.5,16.5,8.3,11.1
2018/3/2,0,12.4,3.2,7.7
2018/3/3,0,14.3,3.8,9.4
2018/3/4,0,20.7,6.4,13.8
2018/3/5,55.5,19.6,7.8,12.7
2018/3/6,0,13.9,5.7,9
2018/3/7,0,14.3,2.9,8.7
2018/3/8,16.5,17.2,9.4,11.4
2018/3/9,0,10.2,3.6,7.4
2018/3/10,0,12,0.4,5.4
2018/3/11,0,14.1,3,8.4
2018/3/12,0,16.6,4.1,10.2
2018/3/13,0,19.8,6.9,13.3
2018/3/14,0,21.9,10.7,16
2018/3/15,2.5,21.7,11.5,16.9
2018/3/16,28.5,15.4,5.1,11.1
2018/3/17,0,14,1.5,7.7
2018/3/18,0,17.4,5.1,11.2
2018/3/19,21,14.1,11.2,12.9
2018/3/20,11,13.6,6.8,10.4
2018/3/21,21.5,12.8,6,8.7
2018/3/22,1.5,12.4,4.1,8.8
2018/3/23,0,14,2.1,7.9
2018/3/24,0,15.9,4.9,10.1
2018/3/25,0,18.2,6.8,12.2
2018/3/26,0,18.9,8.4,13.5
2018/3/27,0,20.2,9.8,14.8
2018/3/28,0,22.2,10.4,16.2
2018/3/29,0,22.1,11.6,16.8
2018/3/30,0,22.8,11.5,16
2018/3/31,0,19.7,8.7,14.3
2018/4/1,0,22.6,12.3,17.4
2018/4/2,0,23.4,15,18.7
2018/4/3,0,24.1,14.7,19.1
2018/4/4,0,24.6,14.9,19.2
2018/4/5,0,20.7,14.3,16.9
2018/4/6,7,21.2,12.2,15.9
2018/4/7,0.5,12.6,6.8,8.9
2018/4/8,0,12.9,2.8,8.7
2018/4/9,0,19.9,7.4,14.2
2018/4/10,0,22.1,9.8,16.4
2018/4/11,0,24,17.1,20.9
2018/4/12,0,23.6,14,17.8
2018/4/13,0,22.9,11,17.1
2018/4/14,24.5,21.5,13.5,16.9
2018/4/15,11,19.1,11.1,15.1
2018/4/16,0,20.7,8.7,14.3
2018/4/17,0,17.2,12.6,14.2
2018/4/18,0,20,9.8,14.9
2018/4/19,0,21.8,10.8,16.2
2018/4/20,0,24.4,11.8,18
2018/4/21,0,25.9,12.9,19.3
2018/4/22,0,24.8,14.3,19.3
2018/4/23,0,24.1,14.8,19.8
2018/4/24,91.5,21.5,14.7,18.8
2018/4/25,3.5,18.4,11.3,15.3
2018/4/26,0,19.8,9,14.9
2018/4/27,0,20.8,12.9,16.3
2018/4/28,0,22.7,10.3,16.3
2018/4/29,0,24.7,12.3,18.9
2018/4/30,0,26,16,20
2018/5/1,0,26,15.3,20.8
2018/5/2,10.5,21.3,17.3,19.5
2018/5/3,0,20.5,15,17.1
2018/5/4,0,19.7,11.7,15.6
2018/5/5,0,24.2,10.2,17.6
2018/5/6,22,20.3,14.8,17.5
2018/5/7,55.5,20,15.5,17
2018/5/8,21.5,18.1,14.4,16.5
2018/5/9,1.5,21.6,13.1,16.7
2018/5/10,0,20.7,9.9,14.8
2018/5/11,0,23.8,10.1,17.4
2018/5/12,0,24.3,14.2,19.6
2018/5/13,26,20.1,17.2,18.8
2018/5/14,0,24.5,16,20.1
2018/5/15,0,29.5,16.2,22.4
2018/5/16,0,28.1,19,23
2018/5/17,0,27.7,20.2,23.7
2018/5/18,11.5,30.1,20.6,24.6
2018/5/19,0.5,23.9,13.7,18.9
2018/5/20,0,24.1,10.6,17.7
2018/5/21,0,26.9,17.2,21.3
2018/5/22,0,26.8,15,21
2018/5/23,9.5,20.2,16.6,18.6
2018/5/24,0,24.3,14.5,19.7
2018/5/25,0,28.9,17.4,23
2018/5/26,0,24.4,17.3,20.6
2018/5/27,0,26.9,15.3,21.5
2018/5/28,0,25,20.2,22.2
2018/5/29,0,24.2,19.9,21.6
2018/5/30,0,26.2,20.1,22.5
2018/5/31,0,22.9,18,21
2018/6/1,0,27,15.1,20.8
2018/6/2,0,27.4,15.8,21.8
2018/6/3,0,27.3,17.2,22.2
2018/6/4,0,28.6,17.3,22.9
2018/6/5,21.5,24.6,18.1,20.3
2018/6/6,3.5,21.2,17.7,19.1
2018/6/7,0,26,18.3,22
2018/6/8,2,26.1,20.8,23.2
2018/6/9,0,29,21.4,25.1
2018/6/10,25,26,19.6,21.9
2018/6/11,9,22.2,19.3,20.5
2018/6/12,3.5,24.3,17.7,20.7
2018/6/13,0,27.8,14.3,21.3
2018/6/14,0,25.2,18,21.6
2018/6/15,0.5,27.3,18.5,22.1
2018/6/16,0,27.2,18.3,22.4
2018/6/17,0,29.7,17.9,23.7
2018/6/18,0,26.2,21,23.5
2018/6/19,10,24.3,20.8,22.3
2018/6/20,79.5,23.1,20.5,21.7
2018/6/21,0,26.1,20.4,22.6
2018/6/22,0,29.5,18.6,24
2018/6/23,5.5,22.8,18.6,20.2
2018/6/24,0,28.4,19.1,23.5
2018/6/25,0,30.3,19.9,25.3
2018/6/26,0.5,29.6,21.2,25.2
2018/6/27,0,31.8,25.5,29.2
2018/6/28,0,33.8,27,30.2
2018/6/29,2.5,31.6,24,27.3
2018/6/30,31.5,27.1,22.6,24.5
2018/7/1,0,32.1,22.1,26.9
2018/7/2,0,33,24.3,28.3
2018/7/3,16,30.4,23.9,27.2
2018/7/4,0,34.9,26,29.9
2018/7/5,34,28,23.6,25.7
2018/7/6,206,25.3,23.2,24
2018/7/7,108.5,23.9,21.6,22.8
2018/7/8,13,27.9,22.5,24.5
2018/7/9,0,31.8,21.7,26.7
2018/7/10,0,32.6,23.4,27.7
2018/7/11,0,32.4,23.7,27.9
2018/7/12,0,32.8,24.7,28.1
2018/7/13,0,32.7,25,28.7
2018/7/14,0,33.1,24.7,28.9
2018/7/15,0,34.2,25.6,29.7
2018/7/16,0,33.6,26,29.6
2018/7/17,0,33.4,25.8,29.5
2018/7/18,0,33.2,26,29.5
2018/7/19,0,34.7,25.6,30.2
2018/7/20,0,35.3,26.5,30
2018/7/21,0,35.3,26,29.5
2018/7/22,0,33.5,26.3,29.7
2018/7/23,0,33.7,26.2,30.1
2018/7/24,0,34.6,27.1,30.4
2018/7/25,0,35.9,26.4,30.5
2018/7/26,0,34.9,26.3,30.4
2018/7/27,0,33.4,26.6,29.5
2018/7/28,0,33,26.3,29
2018/7/29,56,29.3,23.2,26
2018/7/30,2,31.3,24.9,27
2018/7/31,0,32.7,25,28.9
2018/8/1,0,35.8,25.2,30
2018/8/2,0,34.5,25.4,29.7
2018/8/3,0,34.1,26.1,29.8
2018/8/4,0,34.1,26.3,29.9
2018/8/5,0,34.1,26.3,30.2
2018/8/6,0,35.6,26.6,30.2
2018/8/7,0,37.4,27.5,31.3
2018/8/8,0,34.9,25.1,28.9
2018/8/9,0,34.2,23.7,28.4
2018/8/10,0,34.4,26.1,29.9
2018/8/11,0,34.2,25.4,29.4
2018/8/12,0,35.9,27.7,30.5
2018/8/13,0,35.1,26.3,30.1
2018/8/14,0,36.3,26.1,30.6
2018/8/15,8,30.4,25.7,27.8
2018/8/16,4,33.5,25.3,27.8
2018/8/17,0,32.1,24.3,27.7
2018/8/18,0,32,21.7,25.8
2018/8/19,0,31.6,21.2,26.4
2018/8/20,0,30.2,22.4,26.6
2018/8/21,0,34.7,24.8,29.3
2018/8/22,0,35.5,27.9,31.4
2018/8/23,3.5,35.6,26.1,29.1
2018/8/24,0,37.1,26.9,31.8
2018/8/25,0,36.9,27.9,31.8
2018/8/26,0,34.8,25.4,29.3
2018/8/27,0,33.9,25.9,29.2
2018/8/28,0,34.2,26.2,29.5
2018/8/29,0,32.8,25.5,28.8
2018/8/30,0,34.7,25.9,29.4
2018/8/31,0,34.7,27.2,29.7
2018/9/1,16.5,27.9,22.7,25
2018/9/2,0,30.9,22.1,26
2018/9/3,0,33.2,22.6,28
2018/9/4,38,29.6,22.5,25.3
2018/9/5,0,30.2,22.2,25.9
2018/9/6,0,31.8,21.1,25.8
2018/9/7,27,33.6,22.2,27.8
2018/9/8,63,23,19.8,21.4
2018/9/9,129,22,20.5,21.2
2018/9/10,6,27,21.2,23.3
2018/9/11,0,29.5,19.6,24.3
2018/9/12,0,26.3,21.9,23.9
2018/9/13,7,25.9,22.5,23.7
2018/9/14,0,28.8,22.4,25.2
2018/9/15,1,29.8,24,25.8
2018/9/16,0.5,30.1,23.8,26.4
2018/9/17,0,29.4,22,25.5
2018/9/18,0,29,22.5,25.2
2018/9/19,0,29.6,21,24.9
2018/9/20,21.5,24.1,20.5,22.4
2018/9/21,3,29.3,22.5,25.4
2018/9/22,1,29.8,21.4,25.4
2018/9/23,0,27.7,20.7,23.6
2018/9/24,2,25.3,19.9,22.1
2018/9/25,0,27.4,19.3,22.3
2018/9/26,0.5,26.9,18,21.6
2018/9/27,0,27.5,19.1,22.4
2018/9/28,1.5,28.3,16.3,22.4
2018/9/29,12,22.9,18.9,20.8
2018/9/30,122.5,23.8,19.2,21
2018/10/1,0,24.1,18.3,21.7
2018/10/2,0,24,16.2,19.9
2018/10/3,0,26.2,15.5,20.7
2018/10/4,0.5,24.5,18.6,21.4
2018/10/5,5.5,27.6,20.1,23.6
2018/10/6,0,32.3,23.7,28.6
2018/10/7,0,27.2,20.4,23.8
2018/10/8,0,28.1,18.8,22.8
2018/10/9,0,26.9,17.8,22.2
2018/10/10,0,24.7,19.9,22
2018/10/11,10.5,20.1,14.8,17.3
2018/10/12,0,21.2,13,16.5
2018/10/13,0,23,11.8,16.8
2018/10/14,0,23.2,12.6,17.8
2018/10/15,0,24.3,15.8,19.1
2018/10/16,0,23.7,15.3,18.9
2018/10/17,0,23.5,14.9,18.5
2018/10/18,0,23.6,13.6,17.9
2018/10/19,4.5,21.3,14.8,17.6
2018/10/20,0,22.5,13.9,17.5
2018/10/21,0,23.2,11.1,16.5
2018/10/22,0,22,11.9,17
2018/10/23,4,20.9,15.3,17.7
2018/10/24,0,24.3,14.3,18.5
2018/10/25,0,23.5,11.9,16.9
2018/10/26,1.5,23.4,12.4,18.2
2018/10/27,8,21.3,15.9,18.2
2018/10/28,0,18.7,11.9,15.3
2018/10/29,0,21.1,11.8,17
2018/10/30,0,19.8,13.2,17.3
2018/10/31,0,16.8,12.2,14.3
2018/11/1,0,18.9,8.8,12.9
2018/11/2,0,19.5,8.2,13.1
2018/11/3,0,21.1,9.4,14.4
2018/11/4,0,20.6,11.1,15.1
2018/11/5,0,21.6,9.9,15.2
2018/11/6,0,23.3,10.9,16.2
2018/11/7,0,23.2,11.7,16.9
2018/11/8,0,23.8,14,19.1
2018/11/9,0.5,23.2,14.8,19.4
2018/11/10,0,21.7,11.3,15.9
2018/11/11,0,21.6,9.2,14.5
2018/11/12,15,16,12,13.3
2018/11/13,0.5,17.2,12,14.3
2018/11/14,0,17.1,9.4,13.1
2018/11/15,0,18.4,7.4,12.3
2018/11/16,0,17.1,8.4,13.1
2018/11/17,0,20.5,11.3,15.2
2018/11/18,0,19.3,10,14.1
2018/11/19,4.5,15.7,8.9,13
2018/11/20,0,17.2,7.3,11.2
2018/11/21,0,16.4,7.5,11.5
2018/11/22,11,14.3,7.8,11.1
2018/11/23,0,12.7,5.3,8.3
2018/11/24,0,14.4,3.4,8.3
2018/11/25,0,18.2,6.9,12.2
2018/11/26,0,16.6,9.3,12.8
2018/11/27,0.5,18.2,10.7,14.5
2018/11/28,2,17.3,9.7,14.1
2018/11/29,0,17.4,7.7,11.6
2018/11/30,0,16.8,7.9,11.6
2018/12/1,0,18.3,9.7,13.5
2018/12/2,4.5,18.5,8.8,13.6
2018/12/3,14,17.7,13.8,15.8
2018/12/4,12,25.2,14,18.9
2018/12/5,0,19.6,12.7,15.8
2018/12/6,12.5,13.8,11.9,12.9
2018/12/7,0,13.8,6.8,10.6
2018/12/8,0,7.8,4.9,6
2018/12/9,0,8,2.5,5.1
2018/12/10,0,11.2,2.4,5.8
2018/12/11,10,9,2.9,6.8
2018/12/12,2.5,12.6,6.1,8.9
2018/12/13,0,11.4,4.2,7.8
2018/12/14,0,11.1,5.7,8.2
2018/12/15,0,12.4,3,6.7
2018/12/16,12,11.8,2.9,7.8
2018/12/17,0,12.8,7.6,9.7
2018/12/18,0,10.9,4.2,8.2
2018/12/19,0,13.6,3.9,8.9
2018/12/20,5,13.2,8.9,11.1
2018/12/21,0.5,14.3,7.1,11.6
2018/12/22,0.5,15.9,10.9,12.8
2018/12/23,1.5,14.9,9.7,12.4
2018/12/24,0,13.2,5.7,9.3
2018/12/25,0,14.4,3.9,8.1
2018/12/26,1.5,10.9,7.4,9
2018/12/27,0,13.4,5.4,9
2018/12/28,0,5.5,2.9,4.2
2018/12/29,0.5,8.1,2.2,4.5
2018/12/30,0,8,0.7,4.1
2018/12/31,0,9.1,1.5,4.9